Workbook

Sheet Contents
A1: Australian Bureau of Statistics
A2: 45130DO013_202223 Criminal Courts, Australia, 2022–23
A3: Released at 11:30 am (Canberra time) Fri 15 March 2024
B5: Contents
B6: Tables
B7: 65 | C7: Defendants with a guilty outcome, Selected principal sentence by sentence length and court level, 2022–23
B8: 66 | C8: Defendants sentenced to custody in a correctional institution – All Courts, Principal offence by sentence length, States and territories, 2022–23
B9: 67 | C9: Defendants sentenced to custody in a correctional institution – Higher Courts, Selected principal offence by sentence length, States and territories, 2022–23
B10: 68 | C10: Defendants sentenced to custody in a correctional institution – Magistrates' Courts, Selected principal offence by sentence length, States and territories, 2022–23
B11: 69 | C11: Defendants sentenced to custody in a correctional institution – Children's Courts, Selected principal offence by sentence length, States and territories, 2022–23
B12: 70 | C12: Defendants sentenced to community service / work, Selected principal offence by sentence length and court level, States and territories, 2022–23
B13: 71 | C13: Defendants given a fine, Selected principal offence by value of fine and court level, States and territories, 2022–23
B14: 72 | C14: Defendants sentenced to custody in a correctional institution (excluding traffic offences), Selected principal offence by Indigenous status and sentence length, Selected states and territories, 2022–23
B17: More information available from the ABS website
B18: Criminal Courts, Australia, 2022–23
B20: Commentary
B21: Methodology
B24: Inquiries
B26: For further information about these and related statistics, contact the ABS Consultancy Service on 1300 135 070, or email information.consultancy@abs.gov.au. The ABS Privacy Policy outlines how the ABS will handle any personal information that you provide to us.
B30: © Commonwealth of Australia 2024

Sheet Table 65
A1: Australian Bureau of Statistics
A2: =Contents!A2 -> 45130DO013_202223 Criminal Courts, Australia, 2022–23
A3: =Contents!A3 -> Released at 11:30 am (Canberra time) Fri 15 March 2024
A4: Table 65 Defendants with a guilty outcome, Selected principal sentence by sentence length and court level, 2022–23
B5: All Courts | L5: Higher Courts | N5: Magistrates' Courts | P5: Children's Courts
B6: Under 3 months | C6: 3 to under 6 months | D6: 6 to under 12 months | E6: 1 to under 2 years | F6: 2 to under 5 years | G6: 5 to under 10 years | H6: 10 years & over | I6: Total | J6: Mean | K6: Median | L6: Mean | M6: Median | N6: Mean | O6: Median | P6: Mean | Q6: Median
A7: Selected principal sentence | B7: (no.) | C7: (no.) | D7: (no.) | E7: (no.) | F7: (no.) | G7: (no.) | H7: (no.) | I7: (no.) | J7: (months) | K7: (months) | L7: (months) | M7: (months) | N7: (months) | O7: (months) | P7: (months) | Q7: (months)
A8: Custody in a correctional institution | B8: 7071 | C8: 7288 | D8: 10757 | E8: 8860 | F8: 5681 | G8: 1383 | H8: 351 | I8: 43075 | J8: 14.6 | K8: 8 | L8: 40.1 | M8: 32.3 | N8: 7.4 | O8: 6 | P8: 7.6 | Q8: 6
A9: Imprisonment | B9: 6893 | C9: 7081 | D9: 10456 | E9: 8652 | F9: 5637 | G9: 1377 | H9: 349 | I9: 42129 | J9: 14.7 | K9: 8 | L9: 40.1 | M9: 33 | N9: 7.4 | O9: 6 | P9: 6.9 | Q9: 4
A10: Life & Indeterminate imprisonment | B10: 0 | C10: 0 | D10: 0 | E10: 0 | F10: 0 | G10: 0 | H10: 51 | I10: 51
A11: Imprisonment with determined term | B11: 6500 | C11: 6286 | D11: 9577 | E11: 8180 | F11: 5126 | G11: 1326 | H11: 299 | I11: 37340 | J11: 14.9 | K11: 8 | L11: 41.3 | M11: 34 | N11: 7.5 | O11: 6 | P11: 7.1 | Q11: 4
A12: Imprisonment with partially suspended term | B12: 392 | C12: 791 | D12: 877 | E12: 475 | F12: 515 | G12: 54 | H12: 0 | I12: 3098 | J12: 12.3 | K12: 7 | L12: 28.9 | M12: 24 | N12: 6 | O12: 5
A14: Juvenile detention | B14: 183 | C14: 209 | D14: 298 | E14: 204 | F14: 40 | G14: 6 | H14: 3 | I14: 940 | J14: 9 | K14: 6 | L14: 28.7 | M14: 18 | N14: 6.2 | O14: 4.5 | P14: 7.7 | Q14: 6
A15: Juvenile detention with determined term | B15: 134 | C15: 104 | D15: 161 | E15: 145 | F15: 25 | G15: 3 | H15: 0 | I15: 580 | J15: 8.6 | K15: 6.9 | L15: 26 | M15: 20 | N15: 6.2 | O15: 4.5 | P15: 7.5 | Q15: 6
A16: Juvenile detention with partially suspended term | B16: 45 | C16: 104 | D16: 137 | E16: 60 | F16: 16 | G16: 5 | H16: 3 | I16: 363 | J16: 9.7 | K16: 6 | L16: 32 | M16: 16 | N16: 0 | O16: 0 | P16: 7.9 | Q16: 6
A18: Intensive penalty in the community | B18: 358 | C18: 1028 | D18: 4144 | E18: 3228 | F18: 571 | G18: 3 | H18: 0 | I18: 9352 | J18: 10.7 | K18: 9 | L18: 22.6 | M18: 22 | N18: 9.7 | O18: 9 | P18: 6.5 | Q18: 6
A20: Fully suspended sentence | B20: 3542 | C20: 3479 | D20: 3820 | E20: 1278 | F20: 388 | G20: 29 | H20: 0 | I20: 12549 | J20: 6.1 | K20: 4 | L20: 18.5 | M20: 15 | N20: 4.8 | O20: 4 | P20: 3.8 | Q20: 3
A21: Fully suspended adult sentence | B21: 3507 | C21: 3199 | D21: 3793 | E21: 1264 | F21: 391 | G21: 29 | H21: 0 | I21: 12182 | J21: 6.2 | K21: 4 | L21: 18.5 | M21: 15 | N21: 4.8 | O21: 4 | P21: 6.7 | Q21: 6
A22: Fully suspended juvenile sentence | B22: 41 | C22: 280 | D22: 27 | E22: 17 | F22: 3 | G22: 0 | H22: 0 | I22: 367 | J22: 3.9 | K22: 3 | L22: 16 | M22: 16.5 | N22: 0 | O22: 0 | P22: 3.7 | Q22: 3
A24: Moderate penalty in the community | B24: 41 | C24: 939 | D24: 8068 | E24: 19083 | F24: 3677 | G24: 0 | H24: 0 | I24: 35451 | J24: 13.3 | K24: 12 | L24: 20.9 | M24: 24 | N24: 13.8 | O24: 12 | P24: 8.5 | Q24: 8
A25: Good behaviour (incl. bonds) | B25: 797 | C25: 5764 | D25: 14981 | E25: 27042 | F25: 3444 | G25: 3 | H25: 0 | I25: 53115 | J25: 10.7 | K25: 12 | L25: 17.3 | M25: 18 | N25: 10.9 | O25: 12 | P25: 6.5 | Q25: 6
A28: © Commonwealth of Australia 2024

Sheet Table 66
A1: Australian Bureau of Statistics
A2: =Contents!A2 -> 45130DO013_202223 Criminal Courts, Australia, 2022–23
A3: =Contents!A3 -> Released at 11:30 am (Canberra time) Fri 15 March 2024
A4: Table 66 Defendants sentenced to custody in a correctional institution – All Courts, Principal offence by sentence length, States and territories, 2022–23
B5: Under 3 months | C5: 3 to under 6 months | D5: 6 to under 12 months | E5: 1 to under 2 years | F5: 2 to under 5 years | G5: 5 to under 10 years | H5: 10 years & over | I5: Total | J5: Mean | K5: Median
A6: Principal offence | B6: (no.) | C6: (no.) | D6: (no.) | E6: (no.) | F6: (no.) | G6: (no.) | H6: (no.) | I6: (no.) | J6: (months) | K6: (months)
B7: Australia
A8: 01 Homicide and related offences | B8: 0 | C8: 0 | D8: 0 | E8: 13 | F8: 48 | G8: 112 | H8: 127 | I8: 293 | J8: 120.6 | K8: 96
A9: 02 Acts intended to cause injury | B9: 1341 | C9: 2402 | D9: 3603 | E9: 3143 | F9: 1287 | G9: 195 | H9: 12 | I9: 12170 | J9: 12 | K9: 9
A10: 021 Assault | B10: 1232 | C10: 2186 | D10: 3161 | E10: 2826 | F10: 1224 | G10: 193 | H10: 12 | I10: 11018 | J10: 12.2 | K10: 9
A11: 03 Sexual assault and related offences | B11: 55 | C11: 106 | D11: 272 | E11: 548 | F11: 778 | G11: 456 | H11: 113 | I11: 2327 | J11: 39.5 | K11: 28
A12: 031 Sexual assault | B12: 22 | C12: 51 | D12: 158 | E12: 301 | F12: 573 | G12: 426 | H12: 109 | I12: 1639 | J12: 47.3 | K12: 36
A13: 04 Dangerous/negligent acts | B13: 170 | C13: 306 | D13: 695 | E13: 625 | F13: 240 | G13: 29 | H13: 0 | I13: 2096 | J13: 12.5 | K13: 9
A14: 05 Abduction/harassment | B14: 145 | C14: 141 | D14: 190 | E14: 97 | F14: 90 | G14: 20 | H14: 3 | I14: 688 | J14: 12.6 | K14: 6
A15: 053 Harassment and threatening behaviour | B15: 135 | C15: 136 | D15: 171 | E15: 69 | F15: 16 | G15: 0 | H15: 0 | I15: 531 | J15: 6.5 | K15: 5
A16: 06 Robbery/extortion | B16: 45 | C16: 61 | D16: 139 | E16: 235 | F16: 673 | G16: 101 | H16: 0 | I16: 1257 | J16: 29.4 | K16: 30
A17: 061 Robbery | B17: 37 | C17: 53 | D17: 133 | E17: 225 | F17: 666 | G17: 99 | H17: 0 | I17: 1226 | J17: 29.6 | K17: 30
A18: 07 Unlawful entry with intent | B18: 343 | C18: 469 | D18: 1063 | E18: 1433 | F18: 849 | G18: 47 | H18: 4 | I18: 4305 | J18: 14.9 | K18: 12
A19: 08 Theft | B19: 1172 | C19: 883 | D19: 1111 | E19: 620 | F19: 144 | G19: 15 | H19: 0 | I19: 4131 | J19: 7 | K19: 5
... A41: All principal offences | B41: 7071 | C41: 7288 | D41: 10757 | E41: 8860 | F41: 5681 | G41: 1383 | H41: 351 | I41: 43075 | J41: 14.6 | K41: 8
A42: All principal offences (%) | B42: 16.4 | C42: 16.9 | D42: 25 | E42: 20.6 | F42: 13.2 | G42: 3.2 | H42: 0.8 | I42: 100 | J42: .. | K42: ..
B43: New South Wales
A44: 01 Homicide and related offences | B44: 0 | C44: 0 | D44: 0 | E44: 0 | F44: 11 | G44: 18 | H44: 46 | I44: 84 | J44: 163.5 | K44: 153
A45: 02 Acts intended to cause injury | B45: 189 | C45: 483 | D45: 1264 | E45: 1314 | F45: 240 | G45: 36 | H45: 0 | I45: 3527 | J45: 11.7 | K45: 10
A46: 03 Sexual assault and related offences | B46: 5 | C46: 13 | D46: 83 | E46: 209 | F46: 285 | G46: 149 | H46: 38 | I46: 798 | J46: 40.4 | K46: 30
A47: 04 Dangerous/negligent acts | B47: 4 | C47: 43 | D47: 185 | E47: 250 | F47: 42 | G47: 0 | H47: 0 | I47: 528 | J47: 12.5 | K47: 12
A48: 05 Abduction/harassment | B48: 16 | C48: 24 | D48: 37 | E48: 30 | F48: 48 | G48: 15 | H48: 0 | I48: 162 | J48: 23.1 | K48: 12
A49: 06 Robbery/extortion | B49: 0 | C49: 9 | D49: 26 | E49: 54 | F49: 167 | G49: 23 | H49: 0 | I49: 282 | J49: 32.8 | K49: 34
A50: 07 Unlawful entry with intent | B50: 5 | C50: 42 | D50: 249 | E50: 416 | F50: 177 | G50: 13 | H50: 4 | I50: 907 | J50: 16.9 | K50: 13
A51: 08 Theft | B51: 238 | C51: 327 | D51: 421 | E51: 195 | F51: 33 | G51: 6 | H51: 0 | I51: 1216 | J51: 7.4 | K51: 6
A52: 09 Fraud/deception | B52: 43 | C52: 72 | D52: 88 | E52: 93 | F52: 28 | G52: 4 | H52: 0 | I52: 332 | J52: 11.6 | K52: 8
A53: 10 Illicit drug offences | B53: 38 | C53: 47 | D53: 127 | E53: 199 | F53: 242 | G53: 92 | H53: 17 | I53: 762 | J53: 30.1 | K53: 18
A54: 11 Weapons/explosives | B54: 63 | C54: 78 | D54: 107 | E54: 101 | F54: 62 | G54: 14 | H54: 0 | I54: 417 | J54: 13.4 | K54: 8
A55: 12 Property damage and environmental pollution | B55: 40 | C55: 51 | D55: 81 | E55: 66 | F55: 19 | G55: 0 | H55: 0 | I55: 255 | J55: 9.7 | K55: 8
... A60: All principal offences | B60: 948 | C60: 1678 | D60: 3511 | E60: 3250 | F60: 1400 | G60: 381 | H60: 112 | I60: 11281 | J60: 16 | K60: 10
A61: All principal offences (%) | B61: 8.4 | C61: 14.9 | D61: 31.1 | E61: 28.8 | F61: 12.4 | G61: 3.4 | H61: 1 | I61: 100 | J61: .. | K61: ..
B62: Victoria
A63: 01 Homicide and related offences | B63: 0 | C63: 0 | D63: 0 | E63: 5 | F63: 15 | G63: 25 | H63: 25 | I63: 69 | J63: 117.1 | K63: 90
A64: 02 Acts intended to cause injury | B64: 628 | C64: 455 | D64: 335 | E64: 165 | F64: 77 | G64: 33 | H64: 3 | I64: 1696 | J64: 8.1 | K64: 3.9
A65: 03 Sexual assault and related offences | B65: 31 | C65: 51 | D65: 49 | E65: 38 | F65: 106 | G65: 98 | H65: 16 | I65: 399 | J65: 39.5 | K65: 29
A66: 04 Dangerous/negligent acts | B66: 93 | C66: 123 | D66: 101 | E66: 43 | F66: 21 | G66: 3 | H66: 0 | I66: 387 | J66: 7.7 | K66: 4.9
A67: 05 Abduction/harassment | B67: 101 | C67: 57 | D67: 38 | E67: 21 | F67: 17 | G67: 4 | H67: 0 | I67: 236 | J67: 7.7 | K67: 3.3
A68: 06 Robbery/extortion | B68: 24 | C68: 31 | D68: 47 | E68: 39 | F68: 70 | G68: 13 | H68: 0 | I68: 213 | J68: 19.1 | K68: 12
A69: 07 Unlawful entry with intent | B69: 163 | C69: 132 | D69: 143 | E69: 72 | F69: 63 | G69: 8 | H69: 0 | I69: 581 | J69: 9.9 | K69: 5.9
A70: 08 Theft | B70: 462 | C70: 120 | D70: 50 | E70: 27 | F70: 28 | G70: 3 | H70: 0 | I70: 683 | J70: 4 | K70: 1.3
A71: 09 Fraud/deception | B71: 122 | C71: 56 | D71: 33 | E71: 21 | F71: 18 | G71: 0 | H71: 0 | I71: 247 | J71: 6.4 | K71: 3
A72: 10 Illicit drug offences | B72: 178 | C72: 100 | D72: 80 | E72: 56 | F72: 74 | G72: 37 | H72: 26 | I72: 548 | J72: 21.6 | K72: 5.4
A73: 11 Weapons/explosives | B73: 196 | C73: 122 | D73: 70 | E73: 55 | F73: 18 | G73: 0 | H73: 0 | I73: 457 | J73: 5.8 | K73: 3
A74: 12 Property damage and environmental pollution | B74: 82 | C74: 42 | D74: 10 | E74: 10 | F74: 8 | G74: 3 | H74: 0 | I74: 152 | J74: 6.8 | K74: 3
... A77: 15 Offences against justice | B77: 297 | C77: 96 | D77: 39 | E77: 16 | F77: 0 | G77: 0 | H77: 0 | I77: 452 | J77: 2.9 | K77: 1.8
A78: 16 Miscellaneous offences | B78: 0 | C78: 0 | D78: 0 | E78: 3 | F78: 0 | G78: 0 | H78: 0 | I78: 3
A79: All principal offences | B79: 2462 | C79: 1421 | D79: 1021 | E79: 574 | F79: 529 | G79: 214 | H79: 72 | I79: 6300 | J79: 11.7 | K79: 3.9
A80: All principal offences (%) | B80: 39.1 | C80: 22.6 | D80: 16.2 | E80: 9.1 | F80: 8.4 | G80: 3.4 | H80: 1.1 | I80: 100 | J80: .. | K80: ..
B81: Queensland
A82: 01 Homicide and related offences | B82: 0 | C82: 0 | D82: 0 | E82: 0 | F82: 5 | G82: 34 | H82: 25 | I82: 60 | J82: 104.2 | K82: 108
A83: 02 Acts intended to cause injury | B83: 115 | C83: 274 | D83: 917 | E83: 1200 | F83: 694 | G83: 83 | H83: 0 | I83: 3282 | J83: 16.5 | K83: 12
A84: 03 Sexual assault and related offences | B84: 3 | C84: 27 | D84: 81 | E84: 144 | F84: 149 | G84: 108 | H84: 22 | I84: 527 | J84: 37.4 | K84: 24
A85: 04 Dangerous/negligent acts | B85: 31 | C85: 63 | D85: 186 | E85: 228 | F85: 91 | G85: 17 | H85: 0 | I85: 613 | J85: 14.9 | K85: 12
A86: 05 Abduction/harassment | B86: 15 | C86: 31 | D86: 72 | E86: 37 | F86: 16 | G86: 0 | H86: 0 | I86: 170 | J86: 10.3 | K86: 7
A87: 06 Robbery/extortion | B87: 3 | C87: 7 | D87: 42 | E87: 52 | F87: 288 | G87: 31 | H87: 0 | I87: 426 | J87: 32.6 | K87: 36
A88: 07 Unlawful entry with intent | B88: 56 | C88: 113 | D88: 384 | E88: 750 | F88: 345 | G88: 18 | H88: 0 | I88: 1659 | J88: 16.1 | K88: 12
A89: 08 Theft | B89: 159 | C89: 263 | D89: 528 | E89: 373 | F89: 68 | G89: 3 | H89: 0 | I89: 1394 | J89: 9 | K89: 7
A90: 09 Fraud/deception | B90: 37 | C90: 60 | D90: 103 | E90: 70 | F90: 67 | G90: 24 | H90: 3 | I90: 351 | J90: 17 | K90: 9
A91: 10 Illicit drug offences | B91: 98 | C91: 103 | D91: 172 | E91: 324 | F91: 527 | G91: 145 | H91: 14 | I91: 1371 | J91: 27.8 | K91: 21
A92: 11 Weapons/explosives | B92: 25 | C92: 38 | D92: 38 | E92: 62 | F92: 6 | G92: 0 | H92: 0 | I92: 167 | J92: 9.2 | K92: 8
A93: 12 Property damage and environmental pollution | B93: 38 | C93: 66 | D93: 108 | E93: 27 | F93: 75 | G93: 0 | H93: 0 | I93: 317 | J93: 13.2 | K93: 6
... A98: All principal offences | B98: 1236 | C98: 1886 | D98: 3891 | E98: 3751 | F98: 2363 | G98: 465 | H98: 62 | I98: 13650 | J98: 15.7 | K98: 10
A99: All principal offences (%) | B99: 9.1 | C99: 13.8 | D99: 28.5 | E99: 27.5 | F99: 17.3 | G99: 3.4 | H99: 0.5 | I99: 100 | J99: .. | K99: ..
B100: South Australia
A101: 01 Homicide and related offences | B101: 0 | C101: 0 | D101: 0 | E101: 0 | F101: 0 | G101: 7 | H101: 8 | I101: 19 | J101: 97.3 | K101: 86.4
A102: 02 Acts intended to cause injury | B102: 132 | C102: 132 | D102: 109 | E102: 59 | F102: 58 | G102: 11 | H102: 4 | I102: 679 | J102: 12.9 | K102: 6
A103: 03 Sexual assault and related offences | B103: 6 | C103: 3 | D103: 7 | E103: 41 | F103: 60 | G103: 47 | H103: 11 | I103: 179 | J103: 49.4 | K103: 34
A104: 04 Dangerous/negligent acts | B104: 18 | C104: 25 | D104: 24 | E104: 7 | F104: 6 | G104: 3 | H104: 0 | I104: 110 | J104: 11.8 | K104: 5.8
A105: 05 Abduction/harassment | B105: 4 | C105: 3 | D105: 3 | E105: 0 | F105: 3 | G105: 0 | H105: 0 | I105: 17 | J105: 29.2 | K105: 9
A106: 06 Robbery/extortion | B106: 3 | C106: 0 | D106: 0 | E106: 0 | F106: 30 | G106: 20 | H106: 0 | I106: 56 | J106: 54.5 | K106: 49.5
A107: 07 Unlawful entry with intent | B107: 30 | C107: 24 | D107: 46 | E107: 47 | F107: 16 | G107: 0 | H107: 0 | I107: 266 | J107: 11.5 | K107: 8.7
A108: 08 Theft | B108: 131 | C108: 60 | D108: 30 | E108: 4 | F108: 6 | G108: 0 | H108: 0 | I108: 409 | J108: 4.3 | K108: 2.7
A109: 09 Fraud/deception | B109: 12 | C109: 7 | D109: 4 | E109: 5 | F109: 0 | G109: 0 | H109: 0 | I109: 45 | J109: 8.2 | K109: 6
A110: 10 Illicit drug offences | B110: 3 | C110: 0 | D110: 0 | E110: 4 | F110: 76 | G110: 25 | H110: 5 | I110: 176 | J110: 50.3 | K110: 46.8
A111: 11 Weapons/explosives | B111: 30 | C111: 22 | D111: 8 | E111: 8 | F111: 12 | G111: 0 | H111: 0 | I111: 246 | J111: 11.2 | K111: 4.2
A112: 12 Property damage and environmental pollution | B112: 27 | C112: 17 | D112: 3 | E112: 4 | F112: 9 | G112: 0 | H112: 0 | I112: 174 | J112: 12.9 | K112: 3.2
... A117: All principal offences | B117: 655 | C117: 358 | D117: 249 | E117: 190 | F117: 292 | G117: 129 | H117: 28 | I117: 3551 | J117: 17.3 | K117: 5.5
A118: All principal offences (%) | B118: 18.4 | C118: 10.1 | D118: 7 | E118: 5.4 | F118: 8.2 | G118: 3.6 | H118: 0.8 | I118: 100 | J118: .. | K118: ..
B119: Western Australia
A120: 01 Homicide and related offences | B120: 0 | C120: 0 | D120: 0 | E120: 3 | F120: 9 | G120: 21 | H120: 12 | I120: 43 | J120: 68.4 | K120: 68
A121: 02 Acts intended to cause injury | B121: 57 | C121: 157 | D121: 324 | E121: 163 | F121: 105 | G121: 20 | H121: 0 | I121: 822 | J121: 13.2 | K121: 8
A122: 03 Sexual assault and related offences | B122: 4 | C122: 3 | D122: 32 | E122: 90 | F122: 113 | G122: 35 | H122: 5 | I122: 286 | J122: 32.1 | K122: 24
A123: 04 Dangerous/negligent acts | B123: 7 | C123: 20 | D123: 162 | E123: 50 | F123: 23 | G123: 5 | H123: 0 | I123: 254 | J123: 12.2 | K123: 8
A124: 05 Abduction/harassment | B124: 9 | C124: 23 | D124: 40 | E124: 14 | F124: 5 | G124: 0 | H124: 0 | I124: 88 | J124: 9.7 | K124: 6
A125: 06 Robbery/extortion | B125: 0 | C125: 12 | D125: 18 | E125: 48 | F125: 83 | G125: 7 | H125: 0 | I125: 167 | J125: 25.7 | K125: 24
A126: 07 Unlawful entry with intent | B126: 29 | C126: 57 | D126: 133 | E126: 101 | F126: 242 | G126: 8 | H126: 0 | I126: 580 | J126: 18.9 | K126: 14
A127: 08 Theft | B127: 43 | C127: 55 | D127: 53 | E127: 8 | F127: 8 | G127: 3 | H127: 0 | I127: 166 | J127: 7.5 | K127: 4
A128: 09 Fraud/deception | B128: 13 | C128: 10 | D128: 16 | E128: 9 | F128: 10 | G128: 0 | H128: 0 | I128: 55 | J128: 9.6 | K128: 6
A129: 10 Illicit drug offences | B129: 14 | C129: 15 | D129: 34 | E129: 86 | F129: 126 | G129: 46 | H129: 31 | I129: 360 | J129: 42.3 | K129: 24
A130: 11 Weapons/explosives | B130: 3 | C130: 11 | D130: 10 | E130: 5 | F130: 0 | G130: 0 | H130: 0 | I130: 28 | J130: 6 | K130: 6
A131: 12 Property damage and environmental pollution | B131: 14 | C131: 13 | D131: 32 | E131: 17 | F131: 11 | G131: 0 | H131: 0 | I131: 86 | J131: 10.6 | K131: 8
... A136: All principal offences | B136: 265 | C136: 489 | D136: 1063 | E136: 601 | F136: 752 | G136: 137 | H136: 52 | I136: 3360 | J136: 18.4 | K136: 10
A137: All principal offences (%) | B137: 7.9 | C137: 14.6 | D137: 31.6 | E137: 17.9 | F137: 22.4 | G137: 4.1 | H137: 1.5 | I137: 100 | J137: .. | K137: ..
B138: Tasmania
A139: 01 Homicide and related offences | B139: 0 | C139: 0 | D139: 0 | E139: 0 | F139: 3 | G139: 4 | H139: 0 | I139: 14 | J139: 118.5 | K139: 75
...

Sheet Table 67
A1: Australian Bureau of Statistics
A2: =Contents!A2 -> 45130DO013_202223 Criminal Courts, Australia, 2022–23
A3: =Contents!A3 -> Released at 11:30 am (Canberra time) Fri 15 March 2024
A4: Table 67 Defendants sentenced to custody in a correctional institution – Higher Courts, Selected principal offence by sentence length, States and territories, 2022–23
B5: Under 1 year | C5: 1 to under 2 years | D5: 2 to under 3 years | E5: 3 to under 4 years | F5: 4 to under 5 years | G5: 5 to under 10 years | H5: 10 years & over | I5: Total | J5: Mean | K5: Median
A6: Selected principal offence | B6: (no.) | C6: (no.) | D6: (no.) | E6: (no.) | F6: (no.) | G6: (no.) | H6: (no.) | I6: (no.) | J6: (months) | K6: (months)
B7: Australia
A8: 01 Homicide and related offences | B8: 0 | C8: 3 | D8: 16 | E8: 13 | F8: 9 | G8: 107 | H8: 127 | I8: 290 | J8: 123.7 | K8: 96
A9: 011 Murder | B9: 0 | C9: 0 | D9: 0 | E9: 0 | F9: 0 | G9: 4 | H9: 93 | I9: 99 | J9: 237.9 | K9: 240
A10: 013 Manslaughter and driving causing death | B10: 0 | C10: 3 | D10: 16 | E10: 13 | F10: 9 | G10: 101 | H10: 22 | I10: 171 | J10: 78.6 | K10: 82.5
A11: 02 Acts intended to cause injury | B11: 211 | C11: 409 | D11: 498 | E11: 376 | F11: 129 | G11: 195 | H11: 12 | I11: 1822 | J11: 32.5 | K11: 30
A12: 021 Assault | B12: 200 | C12: 383 | D12: 474 | E12: 365 | F12: 127 | G12: 190 | H12: 12 | I12: 1747 | J12: 32.8 | K12: 30
A13: 03 Sexual assault and related offences | B13: 140 | C13: 348 | D13: 298 | E13: 247 | F13: 198 | G13: 451 | H13: 113 | I13: 1799 | J13: 48.1 | K13: 36
A14: 031 Sexual assault | B14: 73 | C14: 179 | D14: 190 | E14: 187 | F14: 167 | G14: 427 | H14: 109 | I14: 1326 | J14: 55.7 | K14: 48
A15: 04 Dangerous/negligent acts | B15: 19 | C15: 50 | D15: 73 | E15: 39 | F15: 26 | G15: 29 | H15: 0 | I15: 235 | J15: 34.3 | K15: 30
A16: 05 Abduction/harassment | B16: 30 | C16: 32 | D16: 35 | E16: 25 | F16: 22 | G16: 20 | H16: 3 | I16: 170 | J16: 33.7 | K16: 30
A17: 051 Abduction and kidnapping | B17: 3 | C17: 5 | D17: 21 | E17: 26 | F17: 19 | G17: 17 | H17: 3 | I17: 90 | J17: 46.1 | K17: 42
A18: 06 Robbery/extortion | B18: 84 | C18: 158 | D18: 252 | E18: 308 | F18: 101 | G18: 101 | H18: 0 | I18: 1011 | J18: 34.1 | K18: 36
A19: 061 Robbery | B19: 78 | C19: 151 | D19: 244 | E19: 310 | F19: 100 | G19: 99 | H19: 0 | I19: 987 | J19: 34.5 | K19: 36
... A33: All principal offences | B33: 935 | C33: 1778 | D33: 2064 | E33: 1792 | F33: 841 | G33: 1378 | H33: 351 | I33: 9154 | J33: 40.1 | K33: 32.3
A34: All principal offences (%) | B34: 10.2 | C34: 19.4 | D34: 22.5 | E34: 19.6 | F34: 9.2 | G34: 15.1 | H34: 3.8 | I34: 100 | J34: .. | K34: ..
B35: New South Wales
A36: 01 Homicide and related offences | B36: 0 | C36: 0 | D36: 3 | E36: 3 | F36: 0 | G36: 18 | H36: 46 | I36: 79 | J36: 169.3 | K36: 156
A37: 02 Acts intended to cause injury | B37: 21 | C37: 62 | D37: 75 | E37: 60 | F37: 17 | G37: 36 | H37: 0 | I37: 267 | J37: 34 | K37: 30
A38: 03 Sexual assault and related offences | B38: 16 | C38: 47 | D38: 113 | E38: 99 | F38: 64 | G38: 149 | H38: 38 | I38: 528 | J38: 54.6 | K38: 44
A39: 04 Dangerous/negligent acts | B39: 0 | C39: 4 | D39: 16 | E39: 4 | F39: 0 | G39: 0 | H39: 0 | I39: 30 | J39: 27 | K39: 27
A40: 05 Abduction/harassment | B40: 0 | C40: 9 | D40: 16 | E40: 18 | F40: 12 | G40: 15 | H40: 0 | I40: 64 | J40: 47.2 | K40: 42
A41: 06 Robbery/extortion | B41: 0 | C41: 8 | D41: 56 | E41: 87 | F41: 24 | G41: 23 | H41: 0 | I41: 200 | J41: 41 | K41: 36
A42: 07 Unlawful entry with intent | B42: 3 | C42: 34 | D42: 87 | E42: 38 | F42: 21 | G42: 13 | H42: 4 | I42: 199 | J42: 34.1 | K42: 30
A43: 08 Theft | B43: 3 | C43: 18 | D43: 18 | E43: 7 | F43: 0 | G43: 6 | H43: 0 | I43: 52 | J43: 32.2 | K43: 27
A44: 09 Fraud/deception | B44: 4 | C44: 7 | D44: 11 | E44: 9 | F44: 3 | G44: 4 | H44: 0 | I44: 33 | J44: 40.7 | K44: 34.5
A45: 10 Illicit drug offences | B45: 3 | C45: 24 | D45: 72 | E45: 86 | F45: 59 | G45: 92 | H45: 17 | I45: 362 | J45: 51.7 | K45: 45
A46: 11 Weapons/explosives | B46: 0 | C46: 4 | D46: 17 | E46: 27 | F46: 8 | G46: 14 | H46: 0 | I46: 67 | J46: 41 | K46: 36
A47: 12 Property damage and environmental pollution | B47: 0 | C47: 0 | D47: 3 | E47: 7 | F47: 0 | G47: 0 | H47: 0 | I47: 11 | J47: 35.1 | K47: 36
... A49: All principal offences | B49: 58 | C49: 251 | D49: 495 | E49: 451 | F49: 211 | G49: 381 | H49: 112 | I49: 1962 | J49: 49.4 | K49: 36
A50: All principal offences (%) | B50: 3 | C50: 12.8 | D50: 25.2 | E50: 23 | F50: 10.8 | G50: 19.4 | H50: 5.7 | I50: 100 | J50: .. | K50: ..
B51: Victoria
A52: 01 Homicide and related offences | B52: 0 | C52: 5 | D52: 7 | E52: 4 | F52: 0 | G52: 25 | H52: 25 | I52: 69 | J52: 117.1 | K52: 90
A53: 02 Acts intended to cause injury | B53: 75 | C53: 45 | D53: 20 | E53: 27 | F53: 22 | G53: 33 | H53: 3 | I53: 233 | J53: 30.5 | K53: 20
A54: 03 Sexual assault and related offences | B54: 14 | C54: 30 | D54: 36 | E54: 40 | F54: 29 | G54: 98 | H54: 16 | I54: 263 | J54: 57 | K54: 51
A55: 04 Dangerous/negligent acts | B55: 11 | C55: 13 | D55: 6 | E55: 4 | F55: 8 | G55: 3 | H55: 0 | I55: 43 | J55: 25.5 | K55: 21
A56: 05 Abduction/harassment | B56: 17 | C56: 8 | D56: 8 | E56: 4 | F56: 8 | G56: 4 | H56: 0 | I56: 48 | J56: 24.1 | K56: 18
A57: 06 Robbery/extortion | B57: 51 | C57: 37 | D57: 32 | E57: 21 | F57: 13 | G57: 13 | H57: 0 | I57: 162 | J57: 23.3 | K57: 20.5
A58: 07 Unlawful entry with intent | B58: 45 | C58: 31 | D58: 13 | E58: 25 | F58: 12 | G58: 8 | H58: 0 | I58: 141 | J58: 24.5 | K58: 20.5
A59: 08 Theft | B59: 25 | C59: 18 | D59: 10 | E59: 13 | F59: 3 | G59: 3 | H59: 0 | I59: 70 | J59: 22.3 | K59: 18
A60: 09 Fraud/deception | B60: 11 | C60: 8 | D60: 12 | E60: 4 | F60: 5 | G60: 0 | H60: 0 | I60: 42 | J60: 21.9 | K60: 20
A61: 10 Illicit drug offences | B61: 52 | C61: 21 | D61: 31 | E61: 22 | F61: 23 | G61: 37 | H61: 26 | I61: 208 | J61: 49.6 | K61: 34
A62: 11 Weapons/explosives | B62: 22 | C62: 10 | D62: 10 | E62: 3 | F62: 0 | G62: 0 | H62: 0 | I62: 50 | J62: 19.1 | K62: 14.5
A63: 12 Property damage and environmental pollution | B63: 8 | C63: 5 | D63: 6 | E63: 0 | F63: 6 | G63: 3 | H63: 0 | I63: 27 | J63: 25.6 | K63: 17
... A65: All principal offences | B65: 363 | C65: 260 | D65: 203 | E65: 173 | F65: 125 | G65: 214 | H65: 72 | I65: 1411 | J65: 38.7 | K65: 26
A66: All principal offences (%) | B66: 25.7 | C66: 18.4 | D66: 14.4 | E66: 12.3 | F66: 8.9 | G66: 15.2 | H66: 5.1 | I66: 100 | J66: .. | K66: ..
B67: Queensland
A68: 01 Homicide and related offences | B68: 0 | C68: 0 | D68: 3 | E68: 3 | F68: 0 | G68: 34 | H68: 25 | I68: 60 | J68: 104.2 | K68: 108
A69: 02 Acts intended to cause injury | B69: 85 | C69: 176 | D69: 290 | E69: 210 | F69: 43 | G69: 79 | H69: 0 | I69: 885 | J69: 31.2 | K69: 30
A70: 03 Sexual assault and related offences | B70: 71 | C70: 128 | D70: 67 | E70: 41 | F70: 32 | G70: 104 | H70: 22 | I70: 467 | J70: 41 | K70: 25.5
A71: 04 Dangerous/negligent acts | B71: 3 | C71: 8 | D71: 15 | E71: 12 | F71: 12 | G71: 17 | H71: 0 | I71: 67 | J71: 41.8 | K71: 36
A72: 05 Abduction/harassment | B72: 13 | C72: 16 | D72: 7 | E72: 4 | F72: 0 | G72: 0 | H72: 0 | I72: 42 | J72: 19.1 | K72: 14.9
A73: 06 Robbery/extortion | B73: 18 | C73: 36 | D73: 100 | E73: 139 | F73: 43 | G73: 31 | H73: 0 | I73: 372 | J73: 35.6 | K73: 36
A74: 07 Unlawful entry with intent | B74: 8 | C74: 28 | D74: 48 | E74: 53 | F74: 24 | G74: 18 | H74: 0 | I74: 176 | J74: 35.9 | K74: 36
A75: 08 Theft | B75: 15 | C75: 21 | D75: 21 | E75: 4 | F75: 4 | G75: 3 | H75: 0 | I75: 70 | J75: 23.8 | K75: 24
A76: 09 Fraud/deception | B76: 10 | C76: 5 | D76: 20 | E76: 15 | F76: 13 | G76: 24 | H76: 3 | I76: 88 | J76: 42.3 | K76: 36
A77: 10 Illicit drug offences | B77: 73 | C77: 221 | D77: 205 | E77: 254 | F77: 64 | G77: 145 | H77: 14 | I77: 970 | J77: 36.3 | K77: 30
A78: 11 Weapons/explosives | B78: 5 | C78: 0 | D78: 3 | E78: 3 | F78: 0 | G78: 0 | H78: 0 | I78: 12 | J78: 17.9 | K78: 18
A79: 12 Property damage and environmental pollution | B79: 4 | C79: 8 | D79: 33 | E79: 33 | F79: 10 | G79: 0 | H79: 0 | I79: 90 | J79: 32.4 | K79: 30
... A81: All principal offences | B81: 328 | C81: 691 | D81: 832 | E81: 765 | F81: 248 | G81: 461 | H81: 62 | I81: 3388 | J81: 35.7 | K81: 30
A82: All principal offences (%) | B82: 9.7 | C82: 20.4 | D82: 24.6 | E82: 22.6 | F82: 7.3 | G82: 13.6 | H82: 1.8 | I82: 100 | J82: .. | K82: ..
B83: South Australia
A84: 01 Homicide and related offences | B84: 0 | C84: 0 | D84: 0 | E84: 0 | F84: 0 | G84: 7 | H84: 8 | I84: 19 | J84: 97.3 | K84: 86.4
A85: 02 Acts intended to cause injury | B85: 9 | C85: 34 | D85: 29 | E85: 20 | F85: 12 | G85: 12 | H85: 4 | I85: 122 | J85: 36.2 | K85: 30.6
A86: 03 Sexual assault and related offences | B86: 6 | C86: 36 | D86: 32 | E86: 13 | F86: 18 | G86: 47 | H86: 11 | I86: 161 | J86: 53.1 | K86: 40.8
A87: 04 Dangerous/negligent acts | B87: 0 | C87: 3 | D87: 0 | E87: 0 | F87: 0 | G87: 3 | H87: 0 | I87: 10 | J87: 44.4 | K87: 43.8
A88: 05 Abduction/harassment | B88: 0 | C88: 0 | D88: 0 | E88: 0 | F88: 0 | G88: 0 | H88: 0 | I88: 8 | J88: 63.7 | K88: 58
A89: 06 Robbery/extortion | B89: 0 | C89: 0 | D89: 0 | E89: 17 | F89: 9 | G89: 20 | H89: 0 | I89: 49 | J89: 58.4 | K89: 51
A90: 07 Unlawful entry with intent | B90: 4 | C90: 6 | D90: 6 | E90: 4 | F90: 3 | G90: 0 | H90: 0 | I90: 27 | J90: 30.4 | K90: 27.7
A91: 08 Theft | B91: 3 | C91: 0 | D91: 0 | E91: 0 | F91: 0 | G91: 0 | H91: 0 | I91: 10 | J91: 33.6 | K91: 31.2
A92: 09 Fraud/deception | B92: 0 | C92: 0 | D92: 0 | E92: 0 | F92: 0 | G92: 0 | H92: 0 | I92: 4
A93: 10 Illicit drug offences | B93: 0 | C93: 4 | D93: 20 | E93: 33 | F93: 20 | G93: 25 | H93: 5 | I93: 117 | J93: 52.8 | K93: 47.3
A94: 11 Weapons/explosives | B94: 3 | C94: 7 | D94: 9 | E94: 4 | F94: 3 | G94: 0 | H94: 0 | I94: 19 | J94: 31.2 | K94: 28.5
A95: 12 Property damage and environmental pollution | B95: 0 | C95: 0 | D95: 0 | E95: 9 | F95: 3 | G95: 0 | H95: 0 | I95: 12 | J95: 47.9 | K95: 45.6
A96: 15 Offences against justice | B96: 0 | C96: 3 | D96: 7 | E96: 0 | F96: 0 | G96: 0 | H96: 0 | I96: 7 | J96: 19.8 | K96: 25.5
A97: All principal offences | B97: 31 | C97: 95 | D97: 111 | E97: 101 | F97: 65 | G97: 128 | H97: 28 | I97: 561 | J97: 47.7 | K97: 40.8
A98: All principal offences (%) | B98: 5.5 | C98: 16.9 | D98: 19.8 | E98: 18 | F98: 11.6 | G98: 22.8 | H98: 5 | I98: 100 | J98: .. | K98: ..
B99: Western Australia
A100: 01 Homicide and related offences | B100: 0 | C100: 0 | D100: 0 | E100: 3 | F100: 5 | G100: 21 | H100: 12 | I100: 43 | J100: 73.2 | K100: 72
A101: 02 Acts intended to cause injury | B101: 3 | C101: 41 | D101: 53 | E101: 31 | F101: 17 | G101: 20 | H101: 0 | I101: 162 | J101: 36 | K101: 30
A102: 03 Sexual assault and related offences | B102: 28 | C102: 81 | D102: 38 | E102: 38 | F102: 34 | G102: 35 | H102: 5 | I102: 252 | J102: 34.6 | K102: 29.5
A103: 04 Dangerous/negligent acts | B103: 0 | C103: 8 | D103: 7 | E103: 12 | F103: 7 | G103: 5 | H103: 0 | I103: 30 | J103: 38.3 | K103: 36
A104: 05 Abduction/harassment | B104: 0 | C104: 3 | D104: 5 | E104: 0 | F104: 0 | G104: 0 | H104: 0 | I104: 8 | J104: 36.2 | K104: 25.5
A105: 06 Robbery/extortion | B105: 15 | C105: 37 | D105: 44 | E105: 35 | F105: 9 | G105: 7 | H105: 0 | I105: 137 | J105: 29 | K105: 28
A106: 07 Unlawful entry with intent | B106: 6 | C106: 26 | D106: 71 | E106: 39 | F106: 22 | G106: 8 | H106: 0 | I106: 175 | J106: 33.6 | K106: 30
A107: 08 Theft | B107: 3 | C107: 9 | D107: 3 | E107: 0 | F107: 7 | G107: 3 | H107: 0 | I107: 22 | J107: 31.9 | K107: 30
A108: 09 Fraud/deception | B108: 0 | C108: 6 | D108: 3 | E108: 0 | F108: 0 | G108: 0 | H108: 0 | I108: 9 | J108: 24.1 | K108: 24
A109: 10 Illicit drug offences | B109: 18 | C109: 77 | D109: 58 | E109: 37 | F109: 35 | G109: 46 | H109: 31 | I109: 303 | J109: 48.9 | K109: 32
A110: 11 Weapons/explosives | B110: 0 | C110: 0 | D110: 0 | E110: 0 | F110: 0 | G110: 0 | H110: 0 | I110: 0 | J110: 0 | K110: 0
A111: 12 Property damage and environmental pollution | B111: 20 | C111: 17 | D111: 12 | E111: 3 | F111: 0 | G111: 0 | H111: 0 | I111: 45 | J111: 15.5 | K111: 12
... A113: All principal offences | B113: 110 | C113: 312 | D113: 299 | E113: 189 | F113: 130 | G113: 135 | H113: 52 | I113: 1231 | J113: 37 | K113: 30
A114: All principal offences (%) | B114: 8.9 | C114: 25.3 | D114: 24.3 | E114: 15.4 | F114: 10.6 | G114: 11 | H114: 4.2 | I114: 100 | J114: .. | K114: ..
B115: Tasmania
A116: 01 Homicide and related offences | B116: 0 | C116: 0 | D116: 0 | E116: 0 | F116: 0 | G116: 4 | H116: 0 | I116: 14 | J116: 118.5 | K116: 75
A117: 02 Acts intended to cause injury | B117: 4 | C117: 18 | D117: 3 | E117: 0 | F117: 3 | G117: 4 | H117: 0 | I117: 37 | J117: 33.5 | K117: 18
...

Sheet Table 68
A1: Australian Bureau of Statistics
A2: =Contents!A2 -> 45130DO013_202223 Criminal Courts, Australia, 2022–23
A3: =Contents!A3 -> Released at 11:30 am (Canberra time) Fri 15 March 2024
A4: Table 68 Defendants sentenced to custody in a correctional institution – Magistrates' Courts, Selected principal offence by sentence length, States and territories, 2022–23
B5: Under 3 months | C5: 3 to under 6 months | D5: 6 to under 12 months | E5: 1 to under 2 years | F5: 2 years & over | G5: Total | H5: Mean | I5: Median
A6: Selected principal offence | B6: (no.) | C6: (no.) | D6: (no.) | E6: (no.) | F6: (no.) | G6: (no.) | H6: (months) | I6: (months)
B7: Australia
A8: 02 Acts intended to cause injury | B8: 1273 | C8: 2315 | D8: 3409 | E8: 2700 | F8: 277 | G8: 10146 | H8: 8.3 | I8: 7
A9: 021 Assault | B9: 1174 | C9: 2102 | D9: 2973 | E9: 2407 | F9: 254 | G9: 9073 | H9: 8.3 | I9: 7
A10: 03 Sexual assault and related offences | B10: 47 | C10: 84 | D10: 148 | E10: 188 | F10: 26 | G10: 500 | H10: 10.1 | I10: 9
A11: 031 Sexual assault | B11: 17 | C11: 37 | D11: 86 | E11: 119 | F11: 18 | G11: 284 | H11: 11 | I11: 10
A12: 04 Dangerous/negligent acts | B12: 163 | C12: 279 | D12: 648 | E12: 564 | F12: 94 | G12: 1776 | H12: 9.8 | I12: 9
A13: 05 Abduction/harassment | B13: 140 | C13: 143 | D13: 171 | E13: 63 | F13: 3 | G13: 516 | H13: 5.7 | I13: 4.9
A14: 053 Harassment and threatening behaviour | B14: 135 | C14: 138 | D14: 153 | E14: 50 | F14: 3 | G14: 482 | H14: 5.4 | I14: 4
A15: 07 Unlawful entry with intent | B15: 275 | C15: 371 | D15: 918 | E15: 1228 | F15: 372 | G15: 3234 | H15: 11.8 | I15: 12
A16: 08 Theft | B16: 1133 | C16: 843 | D16: 1053 | E16: 552 | F16: 50 | G16: 3792 | H16: 5.8 | I16: 4
A17: 081 Motor vehicle theft and related offences | B17: 205 | C17: 229 | D17: 440 | E17: 357 | F17: 37 | G17: 1279 | H17: 8.3 | I17: 7
A18: 082 Theft (except motor vehicles) | B18: 711 | C18: 475 | D18: 495 | E18: 136 | F18: 7 | G18: 1941 | H18: 4.5 | I18: 3
A19: 09 Fraud/deception | B19: 242 | C19: 205 | D19: 237 | E19: 176 | F19: 30 | G19: 893 | H19: 6.9 | I19: 5.6
... A35: All principal offences | B35: 6753 | C35: 6895 | D35: 9816 | E35: 6907 | F35: 957 | G35: 32923 | H35: 7.4 | I35: 6
A36: All principal offences (%) | B36: 20.5 | C36: 20.9 | D36: 29.8 | E36: 21 | F36: 2.9 | G36: 100 | H36: .. | I36: ..
B37: New South Wales
A38: 02 Acts intended to cause injury | B38: 178 | C38: 468 | D38: 1242 | E38: 1229 | F38: 87 | G38: 3212 | H38: 9.9 | I38: 9
A39: 03 Sexual assault and related offences | B39: 4 | C39: 11 | D39: 71 | E39: 154 | F39: 16 | G39: 260 | H39: 13 | I39: 12
A40: 04 Dangerous/negligent acts | B40: 5 | C40: 45 | D40: 170 | E40: 233 | F40: 22 | G40: 478 | H40: 11.8 | I40: 12
A41: 05 Abduction/harassment | B41: 16 | C41: 24 | D41: 35 | E41: 17 | F41: 3 | G41: 95 | H41: 7.3 | I41: 6
A42: 07 Unlawful entry with intent | B42: 8 | C42: 34 | D42: 207 | E42: 352 | F42: 31 | G42: 631 | H42: 12.4 | I42: 12
A43: 08 Theft | B43: 238 | C43: 323 | D43: 412 | E43: 172 | F43: 11 | G43: 1153 | H43: 6.3 | I43: 6
A44: 09 Fraud/deception | B44: 43 | C44: 74 | D44: 89 | E44: 85 | F44: 7 | G44: 296 | H44: 8.2 | I44: 6.4
A45: 10 Illicit drug offences | B45: 35 | C45: 47 | D45: 126 | E45: 176 | F45: 20 | G45: 399 | H45: 10.7 | I45: 10
A46: 11 Weapons/explosives | B46: 61 | C46: 78 | D46: 106 | E46: 90 | F46: 12 | G46: 349 | H46: 8 | I46: 6
A47: 12 Property damage and environmental pollution | B47: 40 | C47: 55 | D47: 81 | E47: 58 | F47: 8 | G47: 235 | H47: 8.2 | I47: 7
A48: 13 Public order offences | B48: 19 | C48: 43 | D48: 112 | E48: 126 | F48: 8 | G48: 317 | H48: 10.3 | I48: 10
A49: 14 Traffic and vehicle regulatory offences | B49: 56 | C49: 156 | D49: 389 | E49: 68 | F49: 0 | G49: 666 | H49: 6.9 | I49: 7
... A51: All principal offences | B51: 928 | C51: 1633 | D51: 3381 | E51: 2924 | F51: 241 | G51: 9109 | H51: 9 | I51: 9
A52: All principal offences (%) | B52: 10.2 | C52: 17.9 | D52: 37.1 | E52: 32.1 | F52: 2.6 | G52: 100 | H52: .. | I52: ..
B53: Victoria
A54: 02 Acts intended to cause injury | B54: 616 | C54: 431 | D54: 281 | E54: 122 | F54: 10 | G54: 1457 | H54: 4.5 | I54: 3
A55: 03 Sexual assault and related offences | B55: 35 | C55: 52 | D55: 43 | E55: 11 | F55: 6 | G55: 133 | H55: 5.7 | I55: 4
A56: 04 Dangerous/negligent acts | B56: 94 | C56: 116 | D56: 98 | E56: 27 | F56: 3 | G56: 339 | H56: 5.3 | I56: 4
A57: 05 Abduction/harassment | B57: 98 | C57: 60 | D57: 29 | E57: 5 | F57: 0 | G57: 190 | H57: 3.6 | I57: 3
A58: 07 Unlawful entry with intent | B58: 150 | C58: 124 | D58: 116 | E58: 42 | F58: 6 | G58: 435 | H58: 5.4 | I58: 4
A59: 08 Theft | B59: 456 | C59: 116 | D59: 37 | E59: 8 | F59: 0 | G59: 618 | H59: 2 | I59: 1
A60: 09 Fraud/deception | B60: 122 | C60: 48 | D60: 27 | E60: 12 | F60: 0 | G60: 201 | H60: 3 | I60: 2
A61: 10 Illicit drug offences | B61: 163 | C61: 83 | D61: 55 | E61: 30 | F61: 0 | G61: 338 | H61: 4.3 | I61: 3
A62: 11 Weapons/explosives | B62: 191 | C62: 119 | D62: 62 | E62: 44 | F62: 0 | G62: 411 | H62: 4.3 | I62: 3
A63: 12 Property damage and environmental pollution | B63: 78 | C63: 35 | D63: 10 | E63: 5 | F63: 0 | G63: 126 | H63: 2.6 | I63: 1.9
A64: 13 Public order offences | B64: 23 | C64: 10 | D64: 3 | E64: 0 | F64: 0 | G64: 40 | H64: 2.8 | I64: 2
A65: 14 Traffic and vehicle regulatory offences | B65: 62 | C65: 29 | D65: 10 | E65: 0 | F65: 0 | G65: 95 | H65: 2.5 | I65: 1.5
... A67: All principal offences | B67: 2377 | C67: 1337 | D67: 810 | E67: 313 | F67: 23 | G67: 4860 | H67: 4 | I67: 3
A68: All principal offences (%) | B68: 48.9 | C68: 27.5 | D68: 16.7 | E68: 6.4 | F68: 0.5 | G68: 100 | H68: .. | I68: ..
B69: Queensland
A70: 02 Acts intended to cause injury | B70: 102 | C70: 248 | D70: 841 | E70: 1012 | F70: 139 | G70: 2337 | H70: 10.9 | I70: 10
A71: 03 Sexual assault and related offences | B71: 0 | C71: 13 | D71: 31 | E71: 18 | F71: 0 | G71: 57 | H71: 8.8 | I71: 9
A72: 04 Dangerous/negligent acts | B72: 26 | C72: 45 | D72: 158 | E72: 212 | F72: 58 | G72: 502 | H72: 12 | I72: 12
A73: 05 Abduction/harassment | B73: 11 | C73: 25 | D73: 60 | E73: 23 | F73: 0 | G73: 128 | H73: 7.4 | I73: 6
A74: 07 Unlawful entry with intent | B74: 27 | C74: 53 | D74: 332 | E74: 718 | F74: 219 | G74: 1347 | H74: 14.6 | I74: 12
A75: 08 Theft | B75: 146 | C75: 237 | D75: 500 | E75: 353 | F75: 36 | G75: 1278 | H75: 8.4 | I75: 7
A76: 09 Fraud/deception | B76: 35 | C76: 58 | D76: 96 | E76: 64 | F76: 17 | G76: 267 | H76: 8.7 | I76: 6
A77: 10 Illicit drug offences | B77: 91 | C77: 93 | D77: 110 | E77: 97 | F77: 10 | G77: 402 | H77: 7.4 | I77: 6
A78: 11 Weapons/explosives | B78: 19 | C78: 34 | D78: 33 | E78: 58 | F78: 4 | G78: 145 | H78: 8.7 | I78: 7
A79: 12 Property damage and environmental pollution | B79: 36 | C79: 66 | D79: 109 | E79: 14 | F79: 0 | G79: 224 | H79: 5.6 | I79: 6
A80: 13 Public order offences | B80: 62 | C80: 68 | D80: 24 | E80: 5 | F80: 0 | G80: 152 | H80: 3.4 | I80: 3
A81: 14 Traffic and vehicle regulatory offences | B81: 129 | C81: 114 | D81: 207 | E81: 136 | F81: 0 | G81: 582 | H81: 7 | I81: 6
... A83: All principal offences | B83: 1156 | C83: 1717 | D83: 3519 | E83: 3028 | F83: 499 | G83: 9915 | H83: 9.2 | I83: 8.3
A84: All principal offences (%) | B84: 11.7 | C84: 17.3 | D84: 35.5 | E84: 30.5 | F84: 5 | G84: 100 | H84: .. | I84: ..
B85: South Australia
A86: 02 Acts intended to cause injury | B86: 122 | C86: 126 | D86: 99 | E86: 29 | F86: 3 | G86: 538 | H86: 5.7 | I86: 4.2
A87: 03 Sexual assault and related offences | B87: 3 | C87: 0 | D87: 4 | E87: 3 | F87: 3 | G87: 19 | H87: 9.1 | I87: 7
A88: 04 Dangerous/negligent acts | B88: 18 | C88: 25 | D88: 22 | E88: 6 | F88: 5 | G88: 101 | H88: 6.7 | I88: 5
A89: 05 Abduction/harassment | B89: 4 | C89: 3 | D89: 3 | E89: 0 | F89: 0 | G89: 8 | H89: 4.6 | I89: 4
A90: 07 Unlawful entry with intent | B90: 27 | C90: 25 | D90: 44 | E90: 41 | F90: 6 | G90: 221 | H90: 8.9 | I90: 8
A91: 08 Theft | B91: 127 | C91: 60 | D91: 22 | E91: 0 | F91: 0 | G91: 381 | H91: 3.1 | I91: 2.4
A92: 09 Fraud/deception | B92: 12 | C92: 7 | D92: 3 | E92: 5 | F92: 0 | G92: 45 | H92: 7.6 | I92: 6
A93: 10 Illicit drug offences | B93: 3 | C93: 0 | D93: 0 | E93: 0 | F93: 0 | G93: 53 | H93: 3 | I93: 2
A94: 11 Weapons/explosives | B94: 30 | C94: 17 | D94: 4 | E94: 3 | F94: 0 | G94: 216 | H94: 4.3 | I94: 3
A95: 12 Property damage and environmental pollution | B95: 27 | C95: 13 | D95: 3 | E95: 3 | F95: 0 | G95: 154 | H95: 3.2 | I95: 3
A96: 13 Public order offences | B96: 21 | C96: 3 | D96: 0 | E96: 0 | F96: 0 | G96: 350 | H96: 1.9 | I96: 1.1
A97: 14 Traffic and vehicle regulatory offences | B97: 112 | C97: 30 | D97: 9 | E97: 0 | F97: 0 | G97: 215 | H97: 2.2 | I97: 1.5
... A99: All principal offences | B99: 640 | C99: 347 | D99: 225 | E99: 97 | F99: 15 | G99: 2885 | H99: 4.7 | I99: 3.2
A100: All principal offences (%) | B100: 22.2 | C100: 12 | D100: 7.8 | E100: 3.4 | F100: 0.5 | G100: 100 | H100: .. | I100: ..
B101: Western Australia
A102: 02 Acts intended to cause injury | B102: 52 | C102: 149 | D102: 322 | E102: 113 | F102: 11 | G102: 649 | H102: 7.7 | I102: 7
A103: 03 Sexual assault and related offences | B103: 3 | C103: 3 | D103: 3 | E103: 5 | F103: 0 | G103: 19 | H103: 7.5 | I103: 7
A104: 04 Dangerous/negligent acts | B104: 3 | C104: 14 | D104: 153 | E104: 38 | F104: 0 | G104: 215 | H104: 8.4 | I104: 8
A105: 05 Abduction/harassment | B105: 9 | C105: 23 | D105: 40 | E105: 11 | F105: 0 | G105: 80 | H105: 6.2 | I105: 6
A106: 07 Unlawful entry with intent | B106: 14 | C106: 51 | D106: 122 | E106: 50 | F106: 105 | G106: 346 | H106: 13 | I106: 10
A107: 08 Theft | B107: 39 | C107: 45 | D107: 47 | E107: 0 | F107: 0 | G107: 142 | H107: 4.2 | I107: 4
A108: 09 Fraud/deception | B108: 13 | C108: 10 | D108: 18 | E108: 3 | F108: 0 | G108: 48 | H108: 6 | I108: 4
A109: 10 Illicit drug offences | B109: 14 | C109: 16 | D109: 17 | E109: 4 | F109: 0 | G109: 50 | H109: 5.5 | I109: 4
A110: 11 Weapons/explosives | B110: 3 | C110: 11 | D110: 10 | E110: 3 | F110: 0 | G110: 27 | H110: 5.6 | I110: 6
A111: 12 Property damage and environmental pollution | B111: 9 | C111: 9 | D111: 9 | E111: 0 | F111: 0 | G111: 30 | H111: 3.8 | I111: 3
A112: 13 Public order offences | B112: 13 | C112: 9 | D112: 16 | E112: 0 | F112: 0 | G112: 36 | H112: 4.1 | I112: 4
A113: 14 Traffic and vehicle regulatory offences | B113: 15 | C113: 49 | D113: 114 | E113: 3 | F113: 0 | G113: 179 | H113: 5.8 | I113: 6
... A115: All principal offences | B115: 241 | C115: 454 | D115: 941 | E115: 235 | F115: 124 | G115: 1992 | H115: 7.7 | I115: 6.1
A116: All principal offences (%) | B116: 12.1 | C116: 22.8 | D116: 47.2 | E116: 11.8 | F116: 6.2 | G116: 100 | H116: .. | I116: ..
B117: Tasmania
A118: 02 Acts intended to cause injury | B118: 36 | C118: 54 | D118: 63 | E118: 14 | F118: 6 | G118: 176 | H118: 5.9 | I118: 5
A119: 03 Sexual assault and related offences | B119: 0 | C119: 0 | D119: 3 | E119: 0 | F119: 0 | G119: 6 | H119: 8.3 | I119: 8
A120: 04 Dangerous/negligent acts | B120: 0 | C120: 10 | D120: 6 | E120: 3 | F120: 0 | G120: 17 | H120: 6.1 | I120: 5
...

Sheet Table 69
A1: Australian Bureau of Statistics
A2: =Contents!A2 -> 45130DO013_202223 Criminal Courts, Australia, 2022–23
A3: =Contents!A3 -> Released at 11:30 am (Canberra time) Fri 15 March 2024
A4: Table 69 Defendants sentenced to custody in a correctional institution – Children's Courts, Selected principal offence by sentence length, States and territories, 2022–23
B5: Under 3 months | C5: 3 to under 6 months | D5: 6 to under 12 months | E5: 1 year & over | F5: Total | G5: Mean | H5: Median
A6: Selected principal offence | B6: (no.) | C6: (no.) | D6: (no.) | E6: (no.) | F6: (no.) | G6: (months) | H6: (months)
B7: Australia
A8: 02 Acts intended to cause injury | B8: 42 | C8: 41 | D8: 57 | E8: 50 | F8: 203 | G8: 8.9 | H8: 6
A9: 021 Assault | B9: 36 | C9: 43 | D9: 53 | E9: 48 | F9: 189 | G9: 9 | H9: 6
A10: 03 Sexual assault and related offences | B10: 3 | C10: 3 | D10: 5 | E10: 18 | F10: 33 | G10: 18.3 | H10: 12
A11: 04 Dangerous/negligent acts | B11: 10 | C11: 25 | D11: 37 | E11: 14 | F11: 83 | G11: 7.3 | H11: 6
A12: 06 Robbery/extortion | B12: 13 | C12: 18 | D12: 50 | E12: 33 | F12: 130 | G12: 8.4 | H12: 7.4
A13: 061 Robbery | B13: 18 | C13: 18 | D13: 50 | E13: 33 | F13: 129 | G13: 8.5 | H13: 7.5
A14: 07 Unlawful entry with intent | B14: 64 | C14: 91 | D14: 100 | E14: 68 | F14: 331 | G14: 6.5 | H14: 6
A15: 08 Theft | B15: 35 | C15: 25 | D15: 23 | E15: 7 | F15: 112 | G15: 4.6 | H15: 4
A16: All principal offences | B16: 193 | C16: 219 | D16: 303 | E16: 204 | F16: 997 | G16: 7.6 | H16: 6
A17: All principal offences (%) | B17: 19.4 | C17: 22 | D17: 30.4 | E17: 20.5 | F17: 100 | G17: .. | H17: ..
B18: New South Wales
A19: 02 Acts intended to cause injury | B19: 9 | C19: 8 | D19: 9 | E19: 16 | F19: 39 | G19: 9.5 | H19: 8.5
A20: 03 Sexual assault and related offences | B20: 0 | C20: 0 | D20: 3 | E20: 4 | F20: 10 | G20: 14 | H20: 12
A21: 04 Dangerous/negligent acts | B21: 0 | C21: 0 | D21: 8 | E21: 8 | F21: 24 | G21: 10 | H21: 9
A22: 06 Robbery/extortion | B22: 0 | C22: 8 | D22: 12 | E22: 7 | F22: 30 | G22: 9 | H22: 8.5
A23: 07 Unlawful entry with intent | B23: 0 | C23: 6 | D23: 40 | E23: 30 | F23: 77 | G23: 10.1 | H23: 10
A24: 08 Theft | B24: 0 | C24: 4 | D24: 4 | E24: 3 | F24: 11 | G24: 8.6 | H24: 9.5
A25: All principal offences | B25: 10 | C25: 30 | D25: 95 | E25: 79 | F25: 214 | G25: 9.8 | H25: 9
A26: All principal offences (%) | B26: 4.7 | C26: 14 | D26: 44.4 | E26: 36.9 | F26: 100 | G26: .. | H26: ..
B27: Victoria
A28: 02 Acts intended to cause injury | B28: 3 | C28: 3 | D28: 4 | E28: 0 | F28: 11 | G28: 6.3 | H28: 6
A29: 03 Sexual assault and related offences | B29: 0 | C29: 0 | D29: 0 | E29: 0 | F29: 0 | G29: 0 | H29: 0
A30: 04 Dangerous/negligent acts | B30: 0 | C30: 3 | D30: 0 | E30: 0 | F30: 4 | G30: 10 | H30: 6.5
A31: 06 Robbery/extortion | B31: 3 | C31: 0 | D31: 0 | E31: 0 | F31: 3 | G31: 3.2 | H31: 2.8
A32: 07 Unlawful entry with intent | B32: 0 | C32: 3 | D32: 0 | E32: 0 | F32: 0
A33: 08 Theft | B33: 0 | C33: 0 | D33: 0 | E33: 0 | F33: 5 | G33: 6 | H33: 3
A34: All principal offences | B34: 7 | C34: 11 | D34: 11 | E34: 3 | F34: 33 | G34: 6.7 | H34: 5.4
A35: All principal offences (%) | B35: 21.2 | C35: 33.3 | D35: 33.3 | E35: 9.1 | F35: 100 | G35: .. | H35: ..
B36: Queensland
A37: 02 Acts intended to cause injury | B37: 8 | C37: 10 | D37: 19 | E37: 20 | F37: 59 | G37: 14 | H37: 8.4
A38: 03 Sexual assault and related offences | B38: 0 | C38: 3 | D38: 0 | E38: 0 | F38: 4 | G38: 26.6 | H38: 9
A39: 04 Dangerous/negligent acts | B39: 4 | C39: 11 | D39: 20 | E39: 0 | F39: 40 | G39: 5.8 | H39: 6
A40: 06 Robbery/extortion | B40: 0 | C40: 3 | D40: 26 | E40: 17 | F40: 38 | G40: 11.1 | H40: 9
A41: 07 Unlawful entry with intent | B41: 29 | C41: 51 | D41: 45 | E41: 3 | F41: 140 | G41: 4.8 | H41: 4
A42: 08 Theft | B42: 12 | C42: 18 | D42: 13 | E42: 0 | F42: 47 | G42: 4.2 | H42: 4
A43: All principal offences | B43: 64 | C43: 103 | D43: 130 | E43: 48 | F43: 338 | G43: 7.5 | H43: 6
A44: All principal offences (%) | B44: 18.9 | C44: 30.5 | D44: 38.5 | E44: 14.2 | F44: 100 | G44: .. | H44: ..
B45: South Australia
A46: 02 Acts intended to cause injury | B46: 4 | C46: 4 | D46: 0 | E46: 0 | F46: 24 | G46: 3.1 | H46: 3
A47: 03 Sexual assault and related offences | B47: 0 | C47: 0 | D47: 0 | E47: 0 | F47: 0 | G47: 0 | H47: 0
A48: 04 Dangerous/negligent acts | B48: 0 | C48: 0 | D48: 0 | E48: 0 | F48: 0 | G48: 0 | H48: 0
A49: 06 Robbery/extortion | B49: 3 | C49: 0 | D49: 0 | E49: 0 | F49: 8 | G49: 2.8 | H49: 3
A50: 07 Unlawful entry with intent | B50: 3 | C50: 3 | D50: 0 | E50: 0 | F50: 17 | G50: 2.8 | H50: 2.8
A51: 08 Theft | B51: 3 | C51: 0 | D51: 0 | E51: 0 | F51: 16
A52: All principal offences | B52: 14 | C52: 5 | D52: 0 | E52: 0 | F52: 104 | G52: 2.8 | H52: 3
A53: All principal offences (%) | B53: 13.5 | C53: 4.8 | D53: 0 | E53: 0 | F53: 100 | G53: .. | H53: ..
B54: Western Australia
A55: 02 Acts intended to cause injury | B55: 3 | C55: 4 | D55: 3 | E55: 3 | F55: 12 | G55: 5.8 | H55: 4
A56: 03 Sexual assault and related offences | B56: 3 | C56: 0 | D56: 0 | E56: 8 | F56: 12 | G56: 20 | H56: 13
A57: 04 Dangerous/negligent acts | B57: 0 | C57: 3 | D57: 3 | E57: 0 | F57: 10 | G57: 5.6 | H57: 4
A58: 06 Robbery/extortion | B58: 0 | C58: 8 | D58: 7 | E58: 13 | F58: 28 | G58: 8.6 | H58: 6
A59: 07 Unlawful entry with intent | B59: 12 | C59: 6 | D59: 11 | E59: 27 | F59: 55 | G59: 7.8 | H59: 11
A60: 08 Theft | B60: 4 | C60: 3 | D60: 0 | E60: 0 | F60: 9 | G60: 2.5 | H60: 3
A61: All principal offences | B61: 26 | C61: 36 | D61: 24 | E61: 60 | F61: 135 | G61: 9.3 | H61: 7
A62: All principal offences (%) | B62: 19.3 | C62: 26.7 | D62: 17.8 | E62: 44.4 | F62: 100 | G62: .. | H62: ..
B63: Tasmania
A64: 02 Acts intended to cause injury | B64: 4 | C64: 0 | D64: 8 | E64: 0 | F64: 14 | G64: 5.3 | H64: 5
A65: 03 Sexual assault and related offences | B65: 0 | C65: 0 | D65: 0 | E65: 0 | F65: 0 | G65: 0 | H65: 0
A66: 04 Dangerous/negligent acts | B66: 0 | C66: 0 | D66: 0 | E66: 0 | F66: 0 | G66: 0 | H66: 0
A67: 06 Robbery/extortion | B67: 0 | C67: 0 | D67: 3 | E67: 0 | F67: 3 | G67: 4.8 | H67: 6
A68: 07 Unlawful entry with intent | B68: 3 | C68: 3 | D68: 0 | E68: 0 | F68: 3 | G68: 2.2 | H68: 1.5
A69: 08 Theft | B69: 0 | C69: 0 | D69: 0 | E69: 0 | F69: 3
A70: All principal offences | B70: 8 | C70: 3 | D70: 11 | E70: 4 | F70: 28 | G70: 5.3 | H70: 4
A71: All principal offences (%) | B71: 28.6 | C71: 10.7 | D71: 39.3 | E71: 14.3 | F71: 100 | G71: .. | H71: ..
B72: Northern Territory
A73: 02 Acts intended to cause injury | B73: 11 | C73: 6 | D73: 10 | E73: 3 | F73: 31 | G73: 5.9 | H73: 4
A74: 03 Sexual assault and related offences | B74: 0 | C74: 0 | D74: 0 | E74: 0 | F74: 3
A75: 04 Dangerous/negligent acts | B75: 0 | C75: 4 | D75: 3 | E75: 0 | F75: 8 | G75: 7 | H75: 6
A76: 06 Robbery/extortion | B76: 5 | C76: 0 | D76: 3 | E76: 0 | F76: 8 | G76: 2.9 | H76: 2
A77: 07 Unlawful entry with intent | B77: 9 | C77: 13 | D77: 6 | E77: 4 | F77: 35 | G77: 5.2 | H77: 4
A78: 08 Theft | B78: 12 | C78: 0 | D78: 4 | E78: 0 | F78: 18 | G78: 2.9 | H78: 2
A79: All principal offences | B79: 52 | C79: 30 | D79: 28 | E79: 13 | F79: 116 | G79: 4.7 | H79: 3
A80: All principal offences (%) | B80: 44.8 | C80: 25.9 | D80: 24.1 | E80: 11.2 | F80: 100 | G80: .. | H80: ..
B81: Australian Capital Territory
A82: 02 Acts intended to cause injury | B82: 5 | C82: 0 | D82: 0 | E82: 0 | F82: 6 | G82: 3.1 | H82: 1.4
A83: 03 Sexual assault and related offences | B83: 0 | C83: 0 | D83: 0 | E83: 0 | F83: 0 | G83: 0 | H83: 0
A84: 04 Dangerous/negligent acts | B84: 0 | C84: 0 | D84: 0 | E84: 0 | F84: 3
A85: 06 Robbery/extortion | B85: 5 | C85: 0 | D85: 0 | E85: 0 | F85: 12 | G85: 3.8 | H85: 2.5
A86: 07 Unlawful entry with intent | B86: 0 | C86: 0 | D86: 0 | E86: 0 | F86: 3 | G86: 3.2 | H86: 3
A87: 08 Theft | B87: 3 | C87: 0 | D87: 0 | E87: 0 | F87: 4 | G87: 3.1 | H87: 0.9
A88: All principal offences | B88: 13 | C88: 7 | D88: 5 | E88: 0 | F88: 25 | G88: 3.5 | H88: 2.2
A89: All principal offences (%) | B89: 52 | C89: 28 | D89: 20 | E89: 0 | F89: 100 | G89: .. | H89: ..
A92: =Contents!B30 -> © Commonwealth of Australia 2024

Sheet Table 70
A1: Australian Bureau of Statistics
A2: =Contents!A2 -> 45130DO013_202223 Criminal Courts, Australia, 2022–23
A3: =Contents!A3 -> Released at 11:30 am (Canberra time) Fri 15 March 2024
A4: Table 70 Defendants sentenced to community service / work, Selected principal offence by sentence length and court level, States and territories, 2022–23
B5: All Courts | I5: Higher Courts | K5: Magistrates' Courts | M5: Children's Courts
B6: Under 40 hours | C6: 40 to under 80 hours | D6: 80 to under 120 hours | E6: 120 hours & over | F6: Total | G6: Mean | H6: Median | I6: Mean | J6: Median | K6: Mean | L6: Median | M6: Mean | N6: Median
A7: Selected principal offence | B7: (no.) | C7: (no.) | D7: (no.) | E7: (no.) | F7: (no.) | G7: (hours) | H7: (hours) | I7: (hours) | J7: (hours) | K7: (hours) | L7: (hours) | M7: (hours) | N7: (hours)
B8: Australia
A9: 02 Acts intended to cause injury | B9: 208 | C9: 1047 | D9: 938 | E9: 939 | F9: 3131 | G9: 99.8 | H9: 100 | I9: 156.3 | J9: 150 | K9: 100.6 | L9: 100 | M9: 44.4 | N9: 40
A10: 021 Assault | B10: 201 | C10: 972 | D10: 824 | E10: 849 | F10: 2847 | G10: 99.2 | H10: 90 | I10: 156.8 | J10: 150 | K10: 100 | L10: 100 | M10: 44.3 | N10: 40
A11: 03 Sexual assault and related offences | B11: 4 | C11: 28 | D11: 58 | E11: 189 | F11: 288 | G11: 163.6 | H11: 150 | I11: 191.5 | J11: 175 | K11: 156.7 | L11: 150 | M11: 56.7 | N11: 50
A12: 031 Sexual assault | B12: 4 | C12: 18 | D12: 32 | E12: 103 | F12: 158 | G12: 161.6 | H12: 150 | I12: 186.8 | J12: 155 | K12: 154.3 | L12: 150 | M12: 56.7 | N12: 50
A13: 04 Dangerous/negligent acts | B13: 50 | C13: 216 | D13: 242 | E13: 247 | F13: 757 | G13: 104.5 | H13: 100 | I13: 203 | J13: 200 | K13: 106 | L13: 100 | M13: 55.9 | N13: 50
A14: 05 Abduction/harassment | B14: 27 | C14: 70 | D14: 60 | E14: 34 | F14: 189 | G14: 83.3 | H14: 80 | I14: 183.3 | J14: 175 | K14: 81.2 | L14: 75 | M14: 30 | N14: 25
A15: 053 Harassment and threatening behaviour | B15: 27 | C15: 65 | D15: 55 | E15: 32 | F15: 180 | G15: 81.2 | H15: 75 | I15: 183.3 | J15: 150 | K15: 80.6 | L15: 75 | M15: 30 | N15: 25
A16: 06 Robbery/extortion | B16: 12 | C16: 31 | D16: 17 | E16: 35 | F16: 89 | G16: 104.2 | H16: 90 | I16: 144.4 | J16: 140 | K16: 123.8 | L16: 122.5 | M16: 49.2 | N16: 50
A17: 061 Robbery | B17: 12 | C17: 26 | D17: 17 | E17: 28 | F17: 77 | G17: 102.2 | H17: 90 | I17: 150.8 | J17: 150 | K17: 121.7 | L17: 122.5 | M17: 49.5 | N17: 50
A18: 07 Unlawful entry with intent | B18: 137 | C18: 254 | D18: 139 | E18: 130 | F18: 661 | G18: 76.9 | H18: 60 | I18: 107.3 | J18: 100 | K18: 91.4 | L18: 80 | M18: 43.3 | N18: 40
A19: 08 Theft | B19: 252 | C19: 513 | D19: 252 | E19: 163 | F19: 1183 | G19: 70.1 | H19: 50 | I19: 154.5 | J19: 100 | K19: 75.9 | L19: 60 | M19: 31.4 | N19: 27.5
A20: 082 Theft (except motor vehicles) | B20: 127 | C20: 352 | D20: 162 | E20: 84 | F20: 723 | G20: 68.6 | H20: 60 | I20: 187.5 | J20: 100 | K20: 70.6 | L20: 60 | M20: 33.2 | N20: 27.5
... A37: All principal offences | B37: 1311 | C37: 4291 | D37: 3175 | E37: 2984 | F37: 11772 | G37: 91.5 | H37: 80 | I37: 171.5 | J37: 150 | K37: 92.8 | L37: 80 | M37: 37 | N37: 30
A38: All principal offences (%) | B38: 11.1 | C38: 36.5 | D38: 27 | E38: 25.3 | F38: 100 | G38: .. | H38: .. | I38: .. | J38: .. | K38: .. | L38: .. | M38: .. | N38: ..
B39: New South Wales
A40: 02 Acts intended to cause injury | B40: 32 | C40: 237 | D40: 351 | E40: 274 | F40: 896 | G40: 107 | H40: 100 | I40: 175 | J40: 200 | K40: 107.2 | L40: 100 | M40: 62.3 | N40: 50
A41: 03 Sexual assault and related offences | B41: 0 | C41: 3 | D41: 25 | E41: 69 | F41: 102 | G41: 172.1 | H41: 150 | I41: 205.7 | J41: 200 | K41: 167.5 | L41: 150
A42: 04 Dangerous/negligent acts | B42: 3 | C42: 35 | D42: 62 | E42: 51 | F42: 148 | G42: 112.3 | H42: 100 | I42: 0 | J42: 0 | K42: 115.7 | L42: 100 | M42: 60 | N42: 50
A43: 05 Abduction/harassment | B43: 0 | C43: 11 | D43: 5 | E43: 8 | F43: 25 | G43: 96.7 | H43: 75 | I43: 0 | J43: 0 | K43: 98.4 | L43: 75
A44: 06 Robbery/extortion | B44: 0 | C44: 12 | D44: 10 | E44: 3 | F44: 21 | G44: 96.5 | H44: 77.5 | K44: 187.5 | L44: 200 | M44: 70 | N44: 67.5
A45: 07 Unlawful entry with intent | B45: 0 | C45: 31 | D45: 33 | E45: 22 | F45: 81 | G45: 101.7 | H45: 100 | I45: 101.7 | J45: 80 | K45: 104.8 | L45: 100 | M45: 74.4 | N45: 55
A46: 08 Theft | B46: 13 | C46: 83 | D46: 69 | E46: 51 | F46: 213 | G46: 92.3 | H46: 80 | K46: 94.6 | L46: 80 | M46: 38.9 | N46: 50
A47: 09 Fraud/deception | B47: 0 | C47: 26 | D47: 55 | E47: 45 | F47: 132 | G47: 124.4 | H47: 100 | I47: 0 | J47: 0 | K47: 125 | L47: 100
A48: 10 Illicit drug offences | B48: 3 | C48: 43 | D48: 61 | E48: 89 | F48: 196 | G48: 129.9 | H48: 100 | I48: 150 | J48: 150 | K48: 129.6 | L48: 100
A49: 11 Weapons/explosives | B49: 0 | C49: 19 | D49: 33 | E49: 19 | F49: 76 | G49: 104.8 | H49: 100 | K49: 100.8 | L49: 100
A50: 12 Property damage and environmental pollution | B50: 7 | C50: 24 | D50: 30 | E50: 20 | F50: 81 | G50: 91.6 | H50: 100 | I50: 0 | J50: 0 | K50: 91.6 | L50: 100
A51: 13 Public order offences | B51: 4 | C51: 37 | D51: 56 | E51: 41 | F51: 140 | G51: 111.7 | H51: 100 | K51: 115 | L51: 100 | M51: 71.5 | N51: 50
A52: 14 Traffic and vehicle regulatory offences | B52: 26 | C52: 242 | D52: 310 | E52: 190 | F52: 764 | G52: 97.8 | H52: 100 | I52: 0 | J52: 0 | K52: 97.8 | L52: 100 | M52: 0 | N52: 0
A53: 15 Offences against justice | B53: 12 | C53: 58 | D53: 67 | E53: 36 | F53: 173 | G53: 97.6 | H53: 100 | I53: 283.3 | J53: 250 | K53: 94.4 | L53: 100 | M53: 0 | N53: 0
A54: All principal offences | B54: 113 | C54: 864 | D54: 1162 | E54: 925 | F54: 3063 | G54: 107.3 | H54: 100 | I54: 182.6 | J54: 150 | K54: 107.3 | L54: 100 | M54: 62.6 | N54: 50
A55: All principal offences (%) | B55: 3.7 | C55: 28.2 | D55: 37.9 | E55: 30.2 | F55: 100 | G55: .. | H55: .. | I55: .. | J55: .. | K55: .. | L55: .. | M55: .. | N55: ..
B56: Victoria
A57: 02 Acts intended to cause injury | B57: 31 | C57: 273 | D57: 395 | E57: 568 | F57: 1271 | G57: 121.1 | H57: 100 | I57: 182.2 | J57: 200 | K57: 118.9 | L57: 100
A58: 03 Sexual assault and related offences | B58: 0 | C58: 21 | D58: 22 | E58: 108 | F58: 155 | G58: 166.5 | H58: 150 | I58: 203 | J58: 180 | K58: 155 | L58: 150
A59: 04 Dangerous/negligent acts | B59: 8 | C59: 77 | D59: 129 | E59: 162 | F59: 377 | G59: 122.5 | H59: 100 | I59: 203 | J59: 200 | K59: 120.3 | L59: 100
A60: 05 Abduction/harassment | B60: 4 | C60: 31 | D60: 50 | E60: 23 | F60: 108 | G60: 96.1 | H60: 100 | I60: 160 | J60: 150 | K60: 93 | L60: 100
A61: 06 Robbery/extortion | B61: 0 | C61: 12 | D61: 12 | E61: 26 | F61: 49 | G61: 127.4 | H61: 120 | I61: 140.2 | J61: 130 | K61: 112.3 | L61: 120
A62: 07 Unlawful entry with intent | B62: 3 | C62: 39 | D62: 51 | E62: 65 | F62: 161 | G62: 112.4 | H62: 100 | I62: 98.8 | J62: 90 | K62: 113.1 | L62: 100
A63: 08 Theft | B63: 27 | C63: 119 | D63: 95 | E63: 94 | F63: 330 | G63: 94.7 | H63: 80 | I63: 166.7 | J63: 100 | K63: 92.7 | L63: 80
A64: 09 Fraud/deception | B64: 9 | C64: 50 | D64: 77 | E64: 136 | F64: 271 | G64: 132.4 | H64: 110 | I64: 225 | J64: 215 | K64: 125.7 | L64: 100
A65: 10 Illicit drug offences | B65: 13 | C65: 65 | D65: 127 | E65: 202 | F65: 415 | G65: 127.8 | H65: 100 | I65: 202.7 | J65: 187.5 | K65: 123.1 | L65: 100
A66: 11 Weapons/explosives | B66: 18 | C66: 64 | D66: 98 | E66: 100 | F66: 279 | G66: 107.5 | H66: 100 | I66: 180 | J66: 150 | K66: 106.2 | L66: 100
A67: 12 Property damage and environmental pollution | B67: 10 | C67: 28 | D67: 7 | E67: 27 | F67: 74 | G67: 93.8 | H67: 75 | K67: 91.5 | L67: 75
A68: 13 Public order offences | B68: 0 | C68: 12 | D68: 9 | E68: 17 | F68: 36 | G68: 111.9 | H68: 100 | K68: 112 | L68: 100
A69: 14 Traffic and vehicle regulatory offences | B69: 23 | C69: 122 | D69: 112 | E69: 112 | F69: 363 | G69: 97.9 | H69: 100 | K69: 97.8 | L69: 100
A70: 15 Offences against justice | B70: 10 | C70: 95 | D70: 86 | E70: 67 | F70: 258 | G70: 93.4 | H70: 80 | I70: 140.5 | J70: 150 | K70: 91.3 | L70: 80
A71: All principal offences | B71: 149 | C71: 1004 | D71: 1287 | E71: 1731 | F71: 4171 | G71: 116.8 | H71: 100 | I71: 187.4 | J71: 180 | K71: 112.8 | L71: 100
A72: All principal offences (%) | B72: 3.6 | C72: 24.1 | D72: 30.9 | E72: 41.5 | F72: 100 | G72: .. | H72: .. | I72: .. | J72: .. | K72: .. | L72: .. | M72: .. | N72: ..
B73: Queensland
A74: 02 Acts intended to cause injury | B74: 26 | C74: 367 | D74: 138 | E74: 88 | F74: 612 | G74: 72.8 | H74: 60 | I74: 109.6 | J74: 80 | K74: 73.7 | L74: 60 | M74: 44.2 | N74: 40
A75: 03 Sexual assault and related offences | B75: 0 | C75: 5 | D75: 3 | E75: 13 | F75: 20 | G75: 124.2 | H75: 120 | I75: 115 | J75: 70 | K75: 130.8 | L75: 120
A76: 04 Dangerous/negligent acts | B76: 6 | C76: 60 | D76: 33 | E76: 23 | F76: 130 | G76: 86.1 | H76: 70 | I76: 0 | J76: 0 | K76: 91.3 | L76: 80 | M76: 55.8 | N76: 40
A77: 05 Abduction/harassment | B77: 0 | C77: 10 | D77: 0 | E77: 3 | F77: 10 | G77: 59.1 | H77: 40 | I77: 0 | J77: 0 | K77: 63 | L77: 45 | M77: 0 | N77: 0
A78: 06 Robbery/extortion | B78: 3 | C78: 8 | D78: 0 | E78: 3 | F78: 12 | G78: 71.4 | H78: 40 | I78: 210 | J78: 240 | K78: 0 | L78: 0 | M78: 33.6 | N78: 40
A79: 07 Unlawful entry with intent | B79: 51 | C79: 89 | D79: 31 | E79: 30 | F79: 213 | G79: 65.6 | H79: 50 | K79: 91.6 | L79: 80 | M79: 48 | N79: 40
A80: 08 Theft | B80: 74 | C80: 192 | D80: 53 | E80: 21 | F80: 339 | G80: 54.9 | H80: 40 | I80: 0 | J80: 0 | K80: 65.9 | L80: 60 | M80: 30.7 | N80: 27.5
A81: 09 Fraud/deception | B81: 4 | C81: 57 | D81: 32 | E81: 23 | F81: 108 | G81: 82 | H81: 70 | K81: 82.1 | L81: 70 | M81: 20 | N81: 20
A82: 10 Illicit drug offences | B82: 0 | C82: 81 | D82: 31 | E82: 27 | F82: 136 | G82: 80.2 | H82: 60 | I82: 127 | J82: 110 | K82: 72.6 | L82: 60
A83: 11 Weapons/explosives | B83: 0 | C83: 42 | D83: 21 | E83: 4 | F83: 65 | G83: 68.6 | H83: 60 | K83: 70.2 | L83: 60 | M83: 51.4 | N83: 40
A84: 12 Property damage and environmental pollution | B84: 120 | C84: 99 | D84: 20 | E84: 9 | F84: 249 | G84: 39.7 | H84: 40 | I84: 0 | J84: 0 | K84: 51.3 | L84: 40 | M84: 12.8 | N84: 10
A85: 13 Public order offences | B85: 19 | C85: 191 | D85: 29 | E85: 9 | F85: 242 | G85: 51.9 | H85: 40 | I85: 0 | J85: 0 | K85: 53.6 | L85: 40 | M85: 19.4 | N85: 20
A86: 14 Traffic and vehicle regulatory offences | B86: 0 | C86: 95 | D86: 37 | E86: 12 | F86: 139 | G86: 63.4 | H86: 50 | I86: 0 | J86: 0 | K86: 63.4 | L86: 50 | M86: 0 | N86: 0
A87: 15 Offences against justice | B87: 3 | C87: 302 | D87: 48 | E87: 19 | F87: 369 | G87: 54.6 | H87: 40 | I87: 70 | J87: 60 | K87: 54.3 | L87: 40
A88: All principal offences | B88: 312 | C88: 1587 | D88: 482 | E88: 277 | F88: 2657 | G88: 63.5 | H88: 50 | I88: 119.1 | J88: 100 | K88: 67.1 | L88: 50 | M88: 35.9 | N88: 30
A89: All principal offences (%) | B89: 11.7 | C89: 59.7 | D89: 18.1 | E89: 10.4 | F89: 100 | G89: .. | H89: .. | I89: .. | J89: .. | K89: .. | L89: .. | M89: .. | N89: ..
B90: South Australia
A91: 02 Acts intended to cause injury | B91: 7 | C91: 24 | D91: 6 | E91: 3 | F91: 43 | G91: 62.6 | H91: 60 | I91: 0 | J91: 0 | K91: 64.8 | L91: 60 | M91: 33.3 | N91: 30
A92: 03 Sexual assault and related offences | B92: 0 | C92: 0 | D92: 0 | E92: 3 | F92: 3 | G92: 200 | H92: 200 | K92: 0 | L92: 0 | M92: 0 | N92: 0
A93: 04 Dangerous/negligent acts | B93: 8 | C93: 16 | D93: 5 | E93: 0 | F93: 24 | G93: 52 | H93: 49.5 | I93: 0 | J93: 0 | K93: 53.2 | L93: 50
A94: 05 Abduction/harassment | B94: 0 | C94: 0 | D94: 0 | E94: 0 | F94: 0 | G94: 0 | H94: 0 | K94: 0 | L94: 0 | M94: 0 | N94: 0
A95: 06 Robbery/extortion | B95: 0 | C95: 0 | D95: 0 | E95: 0 | F95: 0 | G95: 0 | H95: 0 | I95: 0 | J95: 0 | K95: 0 | L95: 0 | M95: 0 | N95: 0
A96: 07 Unlawful entry with intent | B96: 7 | C96: 17 | D96: 3 | E96: 0 | F96: 20 | G96: 59 | H96: 60 | I96: 0 | J96: 0 | K96: 60.5 | L96: 62 | M96: 48.3 | N96: 45
A97: 08 Theft | B97: 28 | C97: 22 | D97: 9 | E97: 0 | F97: 59 | G97: 49.7 | H97: 40 | I97: 0 | J97: 0 | K97: 49.1 | L97: 40 | M97: 54.3 | N97: 35
A98: 09 Fraud/deception | B98: 0 | C98: 6 | D98: 0 | E98: 0 | F98: 6 | G98: 80.3 | H98: 70 | I98: 0 | J98: 0 | K98: 80.3 | L98: 70 | M98: 0 | N98: 0
A99: 10 Illicit drug offences | B99: 7 | C99: 9 | D99: 4 | E99: 0 | F99: 18 | G99: 50.1 | H99: 42 | I99: 0 | J99: 0 | K99: 50.1 | L99: 42 | M99: 0 | N99: 0
A100: 11 Weapons/explosives | B100: 9 | C100: 11 | D100: 0 | E100: 4 | F100: 20 | G100: 53.3 | H100: 45 | I100: 0 | J100: 0 | K100: 53.3 | L100: 45 | M100: 0 | N100: 0
A101: 12 Property damage and environmental pollution | B101: 12 | C101: 21 | D101: 0 | E101: 0 | F101: 37 | G101: 51.4 | H101: 50 | I101: 0 | J101: 0 | K101: 54.4 | L101: 56 | M101: 20.3 | N101: 22
A102: 13 Public order offences | B102: 15 | C102: 7 | D102: 5 | E102: 0 | F102: 27 | G102: 50.9 | H102: 32 | K102: 53.5 | L102: 50 | M102: 44 | N102: 27.5
A103: 14 Traffic and vehicle regulatory offences | B103: 21 | C103: 35 | D103: 16 | E103: 6 | F103: 73 | G103: 62.9 | H103: 62.5 | I103: 0 | J103: 0 | K103: 64.5 | L103: 70 | M103: 25.7 | N103: 30
A104: 15 Offences against justice | B104: 4 | C104: 18 | D104: 3 | E104: 0 | F104: 23 | G104: 49.6 | H104: 50 | I104: 0 | J104: 0 | K104: 49.6 | L104: 50 | M104: 0 | N104: 0
A105: All principal offences | B105: 124 | C105: 175 | D105: 47 | E105: 13 | F105: 369 | G105: 57.3 | H105: 50 | I105: 203.8 | J105: 250 | K105: 56.8 | L105: 50 | M105: 40.1 | N105: 30
A106: All principal offences (%) | B106: 33.6 | C106: 47.4 | D106: 12.7 | E106: 3.5 | F106: 100 | G106: .. | H106: .. | I106: .. | J106: .. | K106: .. | L106: .. | M106: .. | N106: ..
B107: Western Australia
A108: 02 Acts intended to cause injury | B108: 86 | C108: 94 | D108: 16 | E108: 0 | F108: 193 | G108: 40.9 | H108: 40 | K108: 43 | L108: 40 | M108: 23.8 | N108: 24
A109: 03 Sexual assault and related offences | B109: 3 | C109: 0 | D109: 0 | E109: 0 | F109: 6 | G109: 40 | H109: 20 | I109: 53.3 | J109: 40
A110: 04 Dangerous/negligent acts | B110: 28 | C110: 21 | D110: 16 | E110: 0 | F110: 60 | G110: 47.7 | H110: 40 | I110: 0 | J110: 0 | K110: 47.9 | L110: 40 | M110: 46.4 | N110: 25
A111: 05 Abduction/harassment | B111: 16 | C111: 21 | D111: 3 | E111: 0 | F111: 40 | G111: 40.6 | H111: 40 | I111: 0 | J111: 0 | K111: 41.4 | L111: 40
A112: 06 Robbery/extortion | B112: 5 | C112: 3 | D112: 0 | E112: 0 | F112: 6 | G112: 30.8 | H112: 20 | I112: 0 | J112: 0 | K112: 0 | L112: 0 | M112: 30.8 | N112: 20
A113: 07 Unlawful entry with intent | B113: 63 | C113: 72 | D113: 15 | E113: 0 | F113: 145 | G113: 40.9 | H113: 40 | I113: 0 | J113: 0 | K113: 50.1 | L113: 40 | M113: 24.7 | N113: 20
A114: 08 Theft | B114: 100 | C114: 83 | D114: 17 | E114: 3 | F114: 199 | G114: 40.6 | H114: 40 | I114: 0 | J114: 0 | K114: 44.8 | L114: 40 | M114: 25.8 | N114: 20
A115: 09 Fraud/deception | B115: 15 | C115: 17 | D115: 5 | E115: 0 | F115: 46 | G115: 48.9 | H115: 44 | I115: 0 | J115: 0 | K115: 50.4 | L115: 48 | M115: 27.3 | N115: 12
A116: 10 Illicit drug offences | B116: 17 | C116: 20 | D116: 4 | E116: 0 | F116: 44 | G116: 39.3 | H116: 40 | K116: 40.8 | L116: 40 | M116: 27.8 | N116: 25.5
...

Sheet Table 71
A1: Australian Bureau of Statistics
A2: =Contents!A2 -> 45130DO013_202223 Criminal Courts, Australia, 2022–23
A3: =Contents!A3 -> Released at 11:30 am (Canberra time) Fri 15 March 2024
A4: Table 71 Defendants given a fine, Selected principal offence by value of fine and court level, States and territories, 2022–23
B5: All Courts | I5: Higher Courts | K5: Magistrates' Courts | M5: Children's Courts
B6: Less than $250 | C6: $250 to less than $500 | D6: $500 to less than $1,000 | E6: $1,000 & over | F6: Total | G6: Mean | H6: Median | I6: Mean | J6: Median | K6: Mean | L6: Median | M6: Mean | N6: Median
A7: Selected principal offence | B7: (no.) | C7: (no.) | D7: (no.) | E7: (no.) | F7: (no.) | G7: ($) | H7: ($) | I7: ($) | J7: ($) | K7: ($) | L7: ($) | M7: ($) | N7: ($)
B8: Australia
A9: 02 Acts intended to cause injury | B9: 337 | C9: 1375 | D9: 4309 | E9: 3898 | F9: 9920 | G9: 955.32 | H9: 800 | I9: 1705.41 | J9: 1000 | K9: 955.8 | L9: 800 | M9: 305.2 | N9: 200
A10: 021 Assault | B10: 302 | C10: 1203 | D10: 3851 | E10: 3548 | F10: 8908 | G10: 964.72 | H10: 800 | I10: 1705.41 | J10: 1000 | K10: 964.7 | L10: 800 | M10: 332.79 | N10: 200
A11: 03 Sexual assault and related offences | B11: 4 | C11: 15 | D11: 69 | E11: 220 | F11: 306 | G11: 1716.82 | H11: 1200 | I11: 3000 | J11: 2000 | K11: 1637.34 | L11: 1015.75 | M11: 1625 | N11: 1500
A12: 04 Dangerous/negligent acts | B12: 370 | C12: 1292 | D12: 3904 | E12: 7869 | F12: 13438 | G12: 1248.8 | H12: 1000 | I12: 1000 | J12: 1000 | K12: 1252.69 | L12: 1000 | M12: 538.06 | N12: 400
A13: 05 Abduction/harassment | B13: 81 | C13: 188 | D13: 553 | E13: 501 | F13: 1318 | G13: 894.8 | H13: 750 | K13: 895.28 | L13: 750
A14: 053 Harassment and threatening behaviour | B14: 81 | C14: 186 | D14: 554 | E14: 494 | F14: 1314 | G14: 895.43 | H14: 750 | K14: 895.91 | L14: 750
A15: 07 Unlawful entry with intent | B15: 33 | C15: 50 | D15: 184 | E15: 229 | F15: 497 | G15: 1078.89 | H15: 800 | I15: 0 | J15: 0 | K15: 1085.66 | L15: 800 | M15: 747 | N15: 110
A16: 08 Theft | B16: 3232 | C16: 4509 | D16: 4769 | E16: 1991 | F16: 14501 | G16: 560.06 | H16: 400 | I16: 850 | J16: 1000 | K16: 562.41 | L16: 400 | M16: 215.3 | N16: 110
A17: 081 Motor vehicle theft and related offences | B17: 28 | C17: 76 | D17: 248 | E17: 221 | F17: 577 | G17: 995.97 | H17: 800 | K17: 1016.45 | L17: 800 | M17: 384.74 | N17: 200
A18: 082 Theft (except motor vehicles) | B18: 2880 | C18: 3643 | D18: 3550 | E18: 1290 | F18: 11360 | G18: 512.62 | H18: 400 | K18: 514.75 | L18: 400 | M18: 168.01 | N18: 100
A19: 083 Receive or handle proceeds of crime | B19: 324 | C19: 791 | D19: 971 | E19: 472 | F19: 2550 | G19: 670.14 | H19: 500 | I19: 937.5 | J19: 1000 | K19: 672.38 | L19: 500 | M19: 221.33 | N19: 100
A20: 09 Fraud/deception | B20: 200 | C20: 483 | D20: 1079 | E20: 1195 | F20: 2951 | G20: 1510.02 | H20: 750 | I20: 8700 | J20: 3000 | K20: 1493.95 | L20: 750 | M20: 212.5 | N20: 200
A21: 091 Obtain benefit by deception | B21: 140 | C21: 360 | D21: 756 | E21: 686 | F21: 1940 | G21: 1144.87 | H21: 700 | I21: 8514.29 | J21: 3000 | K21: 1121.46 | L21: 700 | M21: 207.14 | N21: 200
A22: 10 Illicit drug offences | B22: 4252 | C22: 7234 | D22: 7255 | E22: 2306 | F22: 21052 | G22: 527.94 | H22: 400 | I22: 1931.39 | J22: 1625 | K22: 523.46 | L22: 400 | M22: 181.27 | N22: 100
A23: 104 Possess and/or use illicit drugs | B23: 2859 | C23: 5590 | D23: 5966 | E23: 1337 | F23: 15752 | G23: 499.28 | H23: 400 | I23: 1362.5 | J23: 1000 | K23: 499 | L23: 400 | M23: 132.96 | N23: 100
A24: 11 Weapons/explosives | B24: 719 | C24: 1494 | D24: 2377 | E24: 1204 | F24: 5788 | G24: 679.44 | H24: 500 | I24: 2964.18 | J24: 2500 | K24: 676.23 | L24: 500 | M24: 265.63 | N24: 200
A25: 12 Property damage and environmental pollution | B25: 510 | C25: 1283 | D25: 2281 | E25: 1238 | F25: 5305 | G25: 1113.1 | H25: 500 | I25: 806.25 | J25: 500 | K25: 1118.85 | L25: 513 | M25: 360.46 | N25: 200
A26: 13 Public order offences | B26: 1832 | C26: 3029 | D26: 3955 | E26: 1316 | F26: 10125 | G26: 594.07 | H26: 500 | I26: 1608.33 | J26: 1000 | K26: 594.89 | L26: 500 | M26: 205.54 | N26: 100
A27: 131 Disorderly conduct | B27: 949 | C27: 1494 | D27: 2460 | E27: 838 | F27: 5739 | G27: 579.18 | H27: 500 | I27: 930 | J27: 1000 | K27: 580.96 | L27: 500 | M27: 206.41 | N27: 100
A28: 133 Offensive conduct | B28: 563 | C28: 1143 | D28: 1105 | E28: 326 | F28: 3141 | G28: 618.52 | H28: 400 | K28: 617.79 | L28: 400 | M28: 200 | N28: 150
A29: 14 Traffic and vehicle regulatory offences | B29: 16519 | C29: 42060 | D29: 48861 | E29: 28584 | F29: 136023 | G29: 700.68 | H29: 500 | I29: 2912.5 | J29: 900 | K29: 701.44 | L29: 500 | M29: 348.29 | N29: 210
A30: 141 Driver licence offences | B30: 5869 | C30: 15222 | D30: 15248 | E30: 8526 | F30: 44867 | G30: 610.32 | H30: 500 | I30: 0 | J30: 0 | K30: 611.79 | L30: 500 | M30: 223.14 | N30: 100
A31: 143 Regulatory driving offences | B31: 10084 | C31: 25577 | D31: 32248 | E31: 19673 | F31: 87586 | G31: 752.14 | H31: 507 | I31: 2912.5 | J31: 900 | K31: 752.44 | L31: 507 | M31: 504.99 | N31: 400
A32: 15 Offences against justice | B32: 3216 | C32: 6385 | D32: 8248 | E32: 3604 | F32: 21459 | G32: 757.05 | H32: 500 | I32: 3457.14 | J32: 3000 | K32: 756.48 | L32: 500 | M32: 574.59 | N32: 275
A33: 153 Breach of violence and non-violence orders | B33: 1271 | C33: 3958 | D33: 5755 | E33: 1699 | F33: 12681 | G33: 584.66 | H33: 500 | K33: 584.91 | L33: 500 | M33: 225 | N33: 100
A34: 156 Offences against justice procedures | B34: 1686 | C34: 2114 | D34: 1960 | E34: 1122 | F34: 6883 | G34: 635.53 | H34: 400 | I34: 3640 | J34: 3000 | K34: 632.76 | L34: 400 | M34: 818.64 | N34: 450
A35: All principal offences | B35: 31746 | C35: 70736 | D35: 89747 | E35: 57094 | F35: 249325 | G35: 910.5 | H35: 500 | I35: 83738.84 | J35: 2000 | K35: 827.1 | L35: 500 | M35: 350.8 | N35: 200
A36: All principal offences (%) | B36: 12.7 | C36: 28.4 | D36: 36 | E36: 22.9 | F36: 100
B37: New South Wales
A38: 02 Acts intended to cause injury | B38: 130 | C38: 510 | D38: 1583 | E38: 965 | F38: 3188 | G38: 760.14 | H38: 700 | I38: 0 | J38: 0 | K38: 764.11 | L38: 700 | M38: 258 | N38: 200
A39: 03 Sexual assault and related offences | B39: 4 | C39: 4 | D39: 13 | E39: 34 | F39: 58 | G39: 1286.49 | H39: 1000 | I39: 0 | J39: 0 | K39: 1286.49 | L39: 1000 | M39: 0 | N39: 0
A40: 04 Dangerous/negligent acts | B40: 84 | C40: 274 | D40: 476 | E40: 301 | F40: 1137 | G40: 712.48 | H40: 600 | I40: 0 | J40: 0 | K40: 713.02 | L40: 600
A41: 05 Abduction/harassment | B41: 12 | C41: 46 | D41: 108 | E41: 61 | F41: 230 | G41: 794.9 | H41: 600 | I41: 0 | J41: 0 | K41: 796.2 | L41: 600
A42: 07 Unlawful entry with intent | B42: 3 | C42: 0 | D42: 11 | E42: 14 | F42: 27 | G42: 986.4 | H42: 1000 | I42: 0 | J42: 0 | K42: 1063.48 | L42: 1000
A43: 08 Theft | B43: 792 | C43: 1103 | D43: 1342 | E43: 394 | F43: 3631 | G43: 505.14 | H43: 440 | I43: 0 | J43: 0 | K43: 509.59 | L43: 440 | M43: 165.11 | N43: 110
A44: 09 Fraud/deception | B44: 93 | C44: 160 | D44: 296 | E44: 292 | F44: 839 | G44: 1617.28 | H44: 600 | I44: 0 | J44: 0 | K44: 1626.08 | L44: 600 | M44: 150 | N44: 200
A45: 10 Illicit drug offences | B45: 1427 | C45: 2440 | D45: 2152 | E45: 377 | F45: 6396 | G45: 445.66 | H45: 400 | I45: 0 | J45: 0 | K45: 446.16 | L45: 400 | M45: 200.77 | N45: 100
A46: 11 Weapons/explosives | B46: 183 | C46: 399 | D46: 718 | E46: 229 | F46: 1532 | G46: 587.95 | H46: 500 | K46: 590.55 | L46: 500 | M46: 272.73 | N46: 200
A47: 12 Property damage and environmental pollution | B47: 153 | C47: 410 | D47: 654 | E47: 294 | F47: 1510 | G47: 939.03 | H47: 500 | I47: 0 | J47: 0 | K47: 948.26 | L47: 500 | M47: 173.33 | N47: 100
A48: 13 Public order offences | B48: 408 | C48: 536 | D48: 445 | E48: 235 | F48: 1622 | G48: 562.95 | H48: 400 | K48: 564.67 | L48: 400 | M48: 252.31 | N48: 100
A49: 14 Traffic and vehicle regulatory offences | B49: 5088 | C49: 12268 | D49: 15479 | E49: 7589 | F49: 40431 | G49: 745.94 | H49: 500 | I49: 0 | J49: 0 | K49: 746.31 | L49: 500 | M49: 258.5 | N49: 200
A50: 15 Offences against justice | B50: 354 | C50: 710 | D50: 1247 | E50: 530 | F50: 2839 | G50: 719.61 | H50: 500 | I50: 0 | J50: 0 | K50: 721.49 | L50: 500 | M50: 238.18 | N50: 200
A51: All principal offences | B51: 8933 | C51: 19198 | D51: 24901 | E51: 11850 | F51: 64878 | G51: 960.04 | H51: 500 | I51: 287565.2 | J51: 262500 | K51: 736.01 | L51: 500 | M51: 219.53 | N51: 150
A52: All principal offences (%) | B52: 13.8 | C52: 29.6 | D52: 38.4 | E52: 18.3 | F52: 100 | G52: .. | H52: .. | I52: .. | J52: .. | K52: .. | L52: .. | M52: .. | N52: ..
B53: Victoria
A54: 02 Acts intended to cause injury | B54: 63 | C54: 258 | D54: 1033 | E54: 1134 | F54: 2489 | G54: 1095.24 | H54: 850 | I54: 2071.43 | J54: 700 | K54: 1093.24 | L54: 850 | M54: 720 | N54: 500
A55: 03 Sexual assault and related offences | B55: 0 | C55: 3 | D55: 16 | E55: 83 | F55: 102 | G55: 2048.69 | H55: 1500 | K55: 1972.24 | L55: 1450 | M55: 0 | N55: 0
A56: 04 Dangerous/negligent acts | B56: 66 | C56: 410 | D56: 1465 | E56: 1737 | F56: 3672 | G56: 1077.48 | H56: 900 | K56: 1078.37 | L56: 900 | M56: 475 | N56: 500
A57: 05 Abduction/harassment | B57: 44 | C57: 76 | D57: 224 | E57: 191 | F57: 531 | G57: 882.67 | H57: 750 | K57: 881.5 | L57: 750 | M57: 0 | N57: 0
A58: 07 Unlawful entry with intent | B58: 3 | C58: 4 | D58: 34 | E58: 79 | F58: 114 | G58: 1352.85 | H58: 1000 | I58: 0 | J58: 0 | K58: 1352.85 | L58: 1000 | M58: 0 | N58: 0
A59: 08 Theft | B59: 222 | C59: 393 | D59: 617 | E59: 412 | F59: 1642 | G59: 771.95 | H59: 500 | K59: 773.77 | L59: 500 | M59: 230 | N59: 250
A60: 09 Fraud/deception | B60: 25 | C60: 60 | D60: 243 | E60: 334 | F60: 662 | G60: 1563.99 | H60: 1000 | I60: 11520 | J60: 3000 | K60: 1490.22 | L60: 1000
A61: 10 Illicit drug offences | B61: 228 | C61: 347 | D61: 525 | E61: 399 | F61: 1500 | G61: 817.09 | H61: 500 | I61: 1016.67 | J61: 400 | K61: 817.55 | L61: 500
A62: 11 Weapons/explosives | B62: 92 | C62: 208 | D62: 465 | E62: 409 | F62: 1181 | G62: 882.41 | H62: 750 | I62: 0 | J62: 0 | K62: 883.08 | L62: 750
A63: 12 Property damage and environmental pollution | B63: 97 | C63: 214 | D63: 426 | E63: 244 | F63: 982 | G63: 1172.61 | H63: 531.5 | I63: 0 | J63: 0 | K63: 1172.61 | L63: 531.5 | M63: 0 | N63: 0
A64: 13 Public order offences | B64: 41 | C64: 83 | D64: 142 | E64: 178 | F64: 444 | G64: 1275.77 | H64: 750 | K64: 1276.39 | L64: 750 | M64: 0 | N64: 0
A65: 14 Traffic and vehicle regulatory offences | B65: 2526 | C65: 7092 | D65: 11567 | E65: 6053 | F65: 27230 | G65: 713.59 | H65: 600 | I65: 0 | J65: 0 | K65: 713.72 | L65: 600 | M65: 404.56 | N65: 400
A66: 15 Offences against justice | B66: 283 | C66: 630 | D66: 1357 | E66: 1027 | F66: 3304 | G66: 869.59 | H66: 600 | I66: 4233.33 | J66: 5000 | K66: 866.76 | L66: 600
A67: All principal offences | B67: 3723 | C67: 10546 | D67: 19198 | E67: 13478 | F67: 46948 | G67: 1007.72 | H67: 631.5 | I67: 136055.95 | J67: 7250 | K67: 887.12 | L67: 631.5 | M67: 401.57 | N67: 400
A68: All principal offences (%) | B68: 7.9 | C68: 22.5 | D68: 40.9 | E68: 28.7 | F68: 100 | G68: .. | H68: .. | I68: .. | J68: .. | K68: .. | L68: .. | M68: .. | N68: ..
B69: Queensland
A70: 02 Acts intended to cause injury | B70: 56 | C70: 365 | D70: 760 | E70: 478 | F70: 1655 | G70: 800.17 | H70: 650 | I70: 1337.5 | J70: 1000 | K70: 792.27 | L70: 650 | M70: 0 | N70: 0
A71: 03 Sexual assault and related offences | B71: 0 | C71: 7 | D71: 24 | E71: 38 | F71: 69 | G71: 1208.96 | H71: 1000 | I71: 2620 | J71: 1750 | K71: 961.4 | L71: 800 | M71: 0 | N71: 0
A72: 04 Dangerous/negligent acts | B72: 33 | C72: 187 | D72: 1359 | E72: 2318 | F72: 3897 | G72: 1098.3 | H72: 1000 | K72: 1098.72 | L72: 1000
A73: 05 Abduction/harassment | B73: 8 | C73: 38 | D73: 80 | E73: 50 | F73: 178 | G73: 734.34 | H73: 600 | I73: 0 | J73: 0 | K73: 734.34 | L73: 600 | M73: 0 | N73: 0
A74: 07 Unlawful entry with intent | B74: 7 | C74: 35 | D74: 109 | E74: 38 | F74: 188 | G74: 706.42 | H74: 550 | I74: 0 | J74: 0 | K74: 709.57 | L74: 575
A75: 08 Theft | B75: 1130 | C75: 1651 | D75: 1242 | E75: 303 | F75: 4330 | G75: 441.87 | H75: 350 | I75: 937.5 | J75: 1000 | K75: 441.46 | L75: 350 | M75: 383.33 | N75: 100
A76: 09 Fraud/deception | B76: 34 | C76: 138 | D76: 271 | E76: 275 | F76: 719 | G76: 1392.77 | H76: 750 | I76: 4000 | J76: 1000 | K76: 1381.8 | L76: 750 | M76: 0 | N76: 0
A77: 10 Illicit drug offences | B77: 1190 | C77: 2511 | D77: 2514 | E77: 738 | F77: 6945 | G77: 537.16 | H77: 400 | I77: 1945.76 | J77: 2000 | K77: 525.1 | L77: 400 | M77: 0 | N77: 0
A78: 11 Weapons/explosives | B78: 212 | C78: 512 | D78: 636 | E78: 238 | F78: 1596 | G78: 599.42 | H78: 500 | I78: 4250 | J78: 3750 | K78: 590.51 | L78: 500
A79: 12 Property damage and environmental pollution | B79: 130 | C79: 388 | D79: 559 | E79: 148 | F79: 1222 | G79: 677.11 | H79: 500 | I79: 616.67 | J79: 500 | K79: 677.26 | L79: 500
A80: 13 Public order offences | B80: 824 | C80: 1402 | D80: 1223 | E80: 210 | F80: 3661 | G80: 464.94 | H80: 400 | I80: 2083.33 | J80: 1000 | K80: 463.61 | L80: 400 | M80: 0 | N80: 0
A81: 14 Traffic and vehicle regulatory offences | B81: 3842 | C81: 15332 | D81: 11879 | E81: 3077 | F81: 34127 | G81: 547.07 | H81: 450 | K81: 546.98 | L81: 450 | M81: 267.08 | N81: 225
A82: 15 Offences against justice | B82: 1456 | C82: 3123 | D82: 3411 | E82: 898 | F82: 8894 | G82: 670.28 | H82: 450 | K82: 670.21 | L82: 450 | M82: 250 | N82: 275
A83: All principal offences | B83: 8987 | C83: 25827 | D83: 24263 | E83: 9123 | F83: 68196 | G83: 672.33 | H83: 450 | I83: 7450.32 | J83: 1500 | K83: 660.72 | L83: 450 | M83: 322.12 | N83: 225
A84: All principal offences (%) | B84: 13.2 | C84: 37.9 | D84: 35.6 | E84: 13.4 | F84: 100 | G84: .. | H84: .. | I84: .. | J84: .. | K84: .. | L84: .. | M84: .. | N84: ..
B85: South Australia
A86: 02 Acts intended to cause injury | B86: 20 | C86: 16 | D86: 11 | E86: 15 | F86: 63 | G86: 504 | H86: 400 | I86: 0 | J86: 0 | K86: 517.46 | L86: 400
A87: 03 Sexual assault and related offences | B87: 0 | C87: 0 | D87: 0 | E87: 0 | F87: 0 | G87: 0 | H87: 0 | I87: 0 | J87: 0 | K87: 0 | L87: 0 | M87: 0 | N87: 0
A88: 04 Dangerous/negligent acts | B88: 138 | C88: 200 | D88: 127 | E88: 222 | F88: 683 | G88: 659.93 | H88: 500 | I88: 0 | J88: 0 | K88: 662.07 | L88: 500 | M88: 368 | N88: 300
A89: 05 Abduction/harassment | B89: 0 | C89: 0 | D89: 0 | E89: 0 | F89: 3 | I89: 0 | J89: 0 | M89: 0 | N89: 0
A90: 07 Unlawful entry with intent | B90: 14 | C90: 4 | D90: 0 | E90: 0 | F90: 25 | G90: 204.35 | H90: 200 | I90: 0 | J90: 0 | K90: 204.35 | L90: 200 | M90: 0 | N90: 0
A91: 08 Theft | B91: 118 | C91: 35 | D91: 20 | E91: 4 | F91: 182 | G91: 259.98 | H91: 167.5 | I91: 0 | J91: 0 | K91: 259.98 | L91: 167.5 | M91: 0 | N91: 0
A92: 09 Fraud/deception | B92: 9 | C92: 0 | D92: 5 | E92: 13 | F92: 23 | G92: 2345.21 | H92: 800 | I92: 0 | J92: 0 | K92: 2345.21 | L92: 800 | M92: 0 | N92: 0
A93: 10 Illicit drug offences | B93: 298 | C93: 98 | D93: 29 | E93: 17 | F93: 436 | G93: 248.77 | H93: 150 | I93: 1895 | J93: 400 | K93: 238.4 | L93: 150
A94: 11 Weapons/explosives | B94: 121 | C94: 77 | D94: 37 | E94: 19 | F94: 257 | G94: 356.91 | H94: 250 | I94: 0 | J94: 0 | K94: 355.15 | L94: 250
A95: 12 Property damage and environmental pollution | B95: 49 | C95: 28 | D95: 9 | E95: 0 | F95: 88 | G95: 267.56 | H95: 200 | I95: 0 | J95: 0 | K95: 267.56 | L95: 200 | M95: 0 | N95: 0
A96: 13 Public order offences | B96: 128 | C96: 27 | D96: 12 | E96: 5 | F96: 177 | G96: 257.16 | H96: 150 | I96: 0 | J96: 0 | K96: 258.57 | L96: 150
A97: 14 Traffic and vehicle regulatory offences | B97: 1201 | C97: 552 | D97: 2584 | E97: 1562 | F97: 5897 | G97: 750.83 | H97: 900 | I97: 0 | J97: 0 | K97: 751.97 | L97: 900 | M97: 452.83 | N97: 400
A98: 15 Offences against justice | B98: 146 | C98: 77 | D98: 38 | E98: 38 | F98: 300 | G98: 1557.69 | H98: 250 | I98: 0 | J98: 0 | K98: 1557.69 | L98: 250 | M98: 0 | N98: 0
A99: All principal offences | B99: 2304 | C99: 1140 | D99: 2918 | E99: 2214 | F99: 8577 | G99: 775.12 | H99: 900 | I99: 1646.25 | J99: 650 | K99: 776.24 | L99: 900 | M99: 390.74 | N99: 270
A100: All principal offences (%) | B100: 26.9 | C100: 13.3 | D100: 34 | E100: 25.8 | F100: 100 | G100: .. | H100: .. | I100: .. | J100: .. | K100: .. | L100: .. | M100: .. | N100: ..
...

Sheet Table 72
A1: Australian Bureau of Statistics
A2: =Contents!A2 -> 45130DO013_202223 Criminal Courts, Australia, 2022–23
A3: =Contents!A3 -> Released at 11:30 am (Canberra time) Fri 15 March 2024
A4: Table 72 Defendants sentenced to custody in a correctional institution (excluding traffic offences), Selected principal offence by Indigenous status and sentence length, Selected states and territories, 2022–23
B5: Aboriginal & Torres Strait Islander | I5: Non-Indigenous | P5: Total
B6: Under 6 months | C6: 6 to under 12 months | D6: 1 to under 5 years | E6: 5 years & over | F6: Total | G6: Mean | H6: Median | I6: Under 6 months | J6: 6 to under 12 months | K6: 1 to under 5 years | L6: 5 years & over | M6: Total | N6: Mean | O6: Median | P6: Under 6 months | Q6: 6 to under 12 months | R6: 1 to under 5 years | S6: 5 years & over | T6: Total | U6: Mean | V6: Median
A7: Selected principal offence | B7: (no.) | C7: (no.) | D7: (no.) | E7: (no.) | F7: (no.) | G7: (months) | H7: (months) | I7: (no.) | J7: (no.) | K7: (no.) | L7: (no.) | M7: (no.) | N7: (months) | O7: (months) | P7: (no.) | Q7: (no.) | R7: (no.) | S7: (no.) | T7: (no.) | U7: (months) | V7: (months)
B8: New South Wales
A9: 01 Homicide and related offences | B9: 0 | C9: 0 | D9: 0 | E9: 7 | F9: 9 | G9: 134.7 | H9: 112.5 | I9: 0 | J9: 0 | K9: 4 | L9: 48 | M9: 60 | N9: 186.4 | O9: 192 | P9: 0 | Q9: 0 | R9: 17 | S9: 68 | T9: 84 | U9: 163.5 | V9: 153
A10: 02 Acts intended to cause injury | B10: 320 | C10: 544 | D10: 633 | E10: 11 | F10: 1510 | G10: 10.9 | H10: 9 | I10: 335 | J10: 696 | K10: 868 | L10: 26 | M10: 1924 | N10: 12.3 | O10: 10 | P10: 674 | Q10: 1264 | R10: 1551 | S10: 36 | T10: 3527 | U10: 11.7 | V10: 10
A11: 03 Sexual assault and related offences | B11: 7 | C11: 21 | D11: 77 | E11: 29 | F11: 125 | G11: 37.6 | H11: 22 | I11: 16 | J11: 63 | K11: 389 | L11: 159 | M11: 626 | N11: 41.2 | O11: 30 | P11: 24 | Q11: 83 | R11: 494 | S11: 195 | T11: 798 | U11: 40.4 | V11: 30
A12: 04 Dangerous/negligent acts | B12: 0 | C12: 0 | D12: 0 | E12: 0 | F12: 0 | G12: 0 | H12: 0 | I12: 0 | J12: 0 | K12: 3 | L12: 0 | M12: 3 | P12: 0 | Q12: 0 | R12: 3 | S12: 0 | T12: 3
A13: 05 Abduction/harassment | B13: 15 | C13: 19 | D13: 29 | E13: 4 | F13: 60 | G13: 19.6 | H13: 9 | I13: 22 | J13: 16 | K13: 46 | L13: 10 | M13: 97 | N13: 25.6 | O13: 12.5 | P13: 36 | Q13: 37 | R13: 71 | S13: 17 | T13: 162 | U13: 23.1 | V13: 12
A14: 06 Robbery/extortion | B14: 4 | C14: 16 | D14: 105 | E14: 11 | F14: 140 | G14: 31.7 | H14: 32 | I14: 0 | J14: 9 | K14: 102 | L14: 9 | M14: 125 | N14: 33.6 | O14: 34 | P14: 4 | Q14: 26 | R14: 221 | S14: 23 | T14: 282 | U14: 32.8 | V14: 34
A15: 07 Unlawful entry with intent | B15: 31 | C15: 128 | D15: 280 | E15: 4 | F15: 447 | G15: 15 | H15: 12 | I15: 19 | J15: 117 | K15: 293 | L15: 12 | M15: 440 | N15: 18.9 | O15: 14 | P15: 53 | Q15: 249 | R15: 588 | S15: 18 | T15: 907 | U15: 16.9 | V15: 13
A16: 08 Theft | B16: 227 | C16: 160 | D16: 77 | E16: 0 | F16: 461 | G16: 6.5 | H16: 6 | I16: 309 | J16: 244 | K16: 132 | L16: 3 | M16: 695 | N16: 7.6 | O16: 6 | P16: 561 | Q16: 421 | R16: 224 | S16: 6 | T16: 1216 | U16: 7.4 | V16: 6
A17: 09 Fraud/deception | B17: 41 | C17: 33 | D17: 10 | E17: 0 | F17: 84 | G17: 6.3 | H17: 6 | I17: 68 | J17: 51 | K17: 86 | L17: 3 | M17: 210 | N17: 13.1 | O17: 9 | P17: 120 | Q17: 88 | R17: 123 | S17: 3 | T17: 332 | U17: 11.6 | V17: 8
A18: 10 Illicit drug offences | B18: 14 | C18: 25 | D18: 47 | E18: 3 | F18: 94 | G18: 16.2 | H18: 12 | I18: 66 | J18: 96 | K18: 376 | L18: 89 | M18: 631 | N18: 29.4 | O18: 18 | P18: 85 | Q18: 127 | R18: 442 | S18: 110 | T18: 762 | U18: 30.1 | V18: 18
A19: 11 Weapons/explosives | B19: 50 | C19: 36 | D19: 40 | E19: 3 | F19: 124 | G19: 10.7 | H19: 7 | I19: 86 | J19: 69 | K19: 120 | L19: 4 | M19: 279 | N19: 13.9 | O19: 9 | P19: 138 | Q19: 107 | R19: 161 | S19: 14 | T19: 417 | U19: 13.4 | V19: 8
A20: 12 Property damage and environmental pollution | B20: 41 | C20: 37 | D20: 33 | E20: 0 | F20: 105 | G20: 8.6 | H20: 8 | I20: 48 | J20: 41 | K20: 54 | L20: 0 | M20: 148 | N20: 10.2 | O20: 8 | P20: 91 | Q20: 81 | R20: 82 | S20: 0 | T20: 255 | U20: 9.7 | V20: 8
A21: 13 Public order offences | B21: 26 | C21: 63 | D21: 47 | E21: 0 | F21: 135 | G21: 10.1 | H21: 9 | I21: 42 | J21: 68 | K21: 112 | L21: 0 | M21: 213 | N21: 11.7 | O21: 12 | P21: 63 | Q21: 130 | R21: 165 | S21: 0 | T21: 363 | U21: 11.1 | V21: 10
A22: 15 Offences against justice | B22: 218 | C22: 116 | D22: 51 | E22: 0 | F22: 386 | G22: 5.8 | H22: 4 | I22: 274 | J22: 200 | K22: 74 | L22: 3 | M22: 554 | N22: 6.9 | O22: 6 | P22: 498 | Q22: 325 | R22: 131 | S22: 6 | T22: 965 | U22: 6.6 | V22: 5
A23: 16 Miscellaneous offences | B23: 7 | C23: 0 | D23: 0 | E23: 0 | F23: 7 | G23: 3 | H23: 3 | I23: 0 | J23: 4 | K23: 10 | L23: 0 | M23: 12 | N23: 17.7 | O23: 15 | P23: 5 | Q23: 0 | R23: 10 | S23: 0 | T23: 22 | U23: 13.3 | V23: 10
A24: All principal offences | B24: 993 | C24: 1196 | D24: 1436 | E24: 74 | F24: 3698 | G24: 12.4 | H24: 9 | I24: 1287 | J24: 1678 | K24: 2672 | L24: 374 | M24: 6015 | N24: 18.8 | O24: 12 | P24: 2365 | Q24: 2940 | R24: 4294 | S24: 492 | T24: 10093 | U24: 16.8 | V24: 10
A25: All principal offences (%) | B25: 26.9 | C25: 32.3 | D25: 38.8 | E25: 2 | F25: 100 | G25: .. | H25: .. | I25: 21.4 | J25: 27.9 | K25: 44.4 | L25: 6.2 | M25: 100 | N25: .. | O25: .. | P25: 23.4 | Q25: 29.1 | R25: 42.5 | S25: 4.9 | T25: 100 | U25: .. | V25: ..
B26: Queensland
A27: 01 Homicide and related offences | B27: 0 | C27: 0 | D27: 0 | E27: 15 | F27: 15 | G27: 111.3 | H27: 108 | I27: 0 | J27: 0 | K27: 5 | L27: 46 | M27: 52 | N27: 101.2 | O27: 102 | P27: 0 | Q27: 0 | R27: 5 | S27: 61 | T27: 60 | U27: 104.2 | V27: 108
A28: 02 Acts intended to cause injury | B28: 224 | C28: 451 | D28: 884 | E28: 21 | F28: 1574 | G28: 14.5 | H28: 12 | I28: 162 | J28: 459 | K28: 989 | L28: 63 | M28: 1678 | N28: 18.2 | O28: 12 | P28: 387 | Q28: 917 | R28: 1893 | S28: 81 | T28: 3282 | U28: 16.5 | V28: 12
A29: 03 Sexual assault and related offences | B29: 11 | C29: 22 | D29: 47 | E29: 31 | F29: 103 | G29: 37.2 | H29: 18 | I29: 21 | J29: 60 | K29: 234 | L29: 94 | M29: 412 | N29: 37.3 | O29: 24 | P29: 28 | Q29: 81 | R29: 293 | S29: 129 | T29: 527 | U29: 37.4 | V29: 24
A30: 04 Dangerous/negligent acts | B30: 16 | C30: 11 | D30: 3 | E30: 0 | F30: 39 | G30: 6.2 | H30: 6 | I30: 16 | J30: 24 | K30: 22 | L30: 0 | M30: 60 | N30: 8.8 | O30: 6 | P30: 40 | Q30: 39 | R30: 24 | S30: 0 | T30: 99 | U30: 7.7 | V30: 6
A31: 05 Abduction/harassment | B31: 10 | C31: 24 | D31: 17 | E31: 0 | F31: 48 | G31: 11.8 | H31: 9 | I31: 37 | J31: 51 | K31: 36 | L31: 0 | M31: 123 | N31: 9.7 | O31: 6 | P31: 41 | Q31: 72 | R31: 54 | S31: 0 | T31: 170 | U31: 10.3 | V31: 7
A32: 06 Robbery/extortion | B32: 3 | C32: 19 | D32: 138 | E32: 14 | F32: 178 | G32: 32.5 | H32: 36 | I32: 5 | J32: 24 | K32: 196 | L32: 18 | M32: 239 | N32: 32.7 | O32: 33 | P32: 7 | Q32: 42 | R32: 336 | S32: 31 | T32: 426 | U32: 32.6 | V32: 36
A33: 07 Unlawful entry with intent | B33: 102 | C33: 154 | D33: 394 | E33: 0 | F33: 654 | G33: 14.3 | H33: 12 | I33: 70 | J33: 222 | K33: 681 | L33: 18 | M33: 990 | N33: 17.2 | O33: 15 | P33: 169 | Q33: 384 | R33: 1095 | S33: 18 | T33: 1659 | U33: 16.1 | V33: 12
A34: 08 Theft | B34: 142 | C34: 162 | D34: 131 | E34: 0 | F34: 433 | G34: 8.2 | H34: 6 | I34: 274 | J34: 361 | K34: 310 | L34: 3 | M34: 955 | N34: 9.4 | O34: 8 | P34: 421 | Q34: 528 | R34: 445 | S34: 3 | T34: 1394 | U34: 9 | V34: 7
A35: 09 Fraud/deception | B35: 24 | C35: 20 | D35: 5 | E35: 0 | F35: 49 | G35: 6.3 | H35: 6 | I35: 58 | J35: 68 | K35: 93 | L35: 20 | M35: 243 | N35: 18 | O35: 9 | P35: 94 | Q35: 103 | R35: 135 | S35: 22 | T35: 351 | U35: 17 | V35: 9
A36: 10 Illicit drug offences | B36: 38 | C36: 17 | D36: 72 | E36: 7 | F36: 137 | G36: 20.5 | H36: 15 | I36: 155 | J36: 155 | K36: 770 | L36: 141 | M36: 1220 | N36: 28.4 | O36: 24 | P36: 194 | Q36: 172 | R36: 848 | S36: 154 | T36: 1371 | U36: 27.8 | V36: 21
A37: 11 Weapons/explosives | B37: 17 | C37: 5 | D37: 12 | E37: 0 | F37: 30 | G37: 7.5 | H37: 7.8 | I37: 46 | J37: 34 | K37: 54 | L37: 0 | M37: 135 | N37: 9.6 | O37: 7.5 | P37: 61 | Q37: 38 | R37: 69 | S37: 0 | T37: 167 | U37: 9.2 | V37: 8
A38: 12 Property damage and environmental pollution | B38: 42 | C38: 56 | D38: 37 | E38: 0 | F38: 134 | G38: 11 | H38: 6 | I38: 59 | J38: 52 | K38: 62 | L38: 0 | M38: 174 | N38: 14.9 | O38: 6 | P38: 101 | Q38: 108 | R38: 100 | S38: 0 | T38: 317 | U38: 13.2 | V38: 6
... A40: 15 Offences against justice | B40: 497 | C40: 433 | D40: 151 | E40: 0 | F40: 1080 | G40: 6 | H40: 6 | I40: 644 | J40: 594 | K40: 217 | L40: 6 | M40: 1459 | N40: 6.6 | O40: 6 | P40: 1153 | Q40: 1033 | R40: 378 | S40: 6 | T40: 2561 | U40: 6.3 | V40: 6
A41: 16 Miscellaneous offences | B41: 0 | C41: 0 | D41: 0 | E41: 0 | F41: 0 | I41: 7 | J41: 3 | K41: 0 | L41: 0 | M41: 4 | N41: 7.4 | O41: 4 | P41: 5 | Q41: 5 | R41: 4 | S41: 0 | T41: 8 | U41: 8.2 | V41: 6
A42: All principal offences | B42: 1180 | C42: 1379 | D42: 1905 | E42: 84 | F42: 4550 | G42: 13 | H42: 9 | I42: 1615 | J42: 2121 | K42: 3669 | L42: 411 | M42: 7822 | N42: 17.7 | O42: 12 | P42: 2824 | Q42: 3538 | R42: 5678 | S42: 515 | T42: 12548 | U42: 16.1 | V42: 10
A43: All principal offences (%) | B43: 25.9 | C43: 30.3 | D43: 41.9 | E43: 1.8 | F43: 100 | G43: .. | H43: .. | I43: 20.6 | J43: 27.1 | K43: 46.9 | L43: 5.3 | M43: 100 | N43: .. | O43: .. | P43: 22.5 | Q43: 28.2 | R43: 45.3 | S43: 4.1 | T43: 100 | U43: .. | V43: ..
B44: South Australia
A45: 01 Homicide and related offences | B45: 0 | C45: 0 | D45: 0 | E45: 10 | F45: 10 | G45: 108 | H45: 86.4 | I45: 0 | J45: 0 | K45: 0 | L45: 11 | M45: 8 | N45: 84.8 | O45: 67.5 | P45: 0 | Q45: 0 | R45: 0 | S45: 18 | T45: 19 | U45: 97.3 | V45: 86.4
A46: 02 Acts intended to cause injury | B46: 145 | C46: 59 | D46: 34 | E46: 3 | F46: 329 | G46: 8.4 | H46: 5 | I46: 114 | J46: 46 | K46: 86 | L46: 14 | M46: 347 | N46: 16.8 | O46: 8 | P46: 262 | Q46: 109 | R46: 122 | S46: 14 | T46: 679 | U46: 12.9 | V46: 6
A47: 03 Sexual assault and related offences | B47: 0 | C47: 4 | D47: 13 | E47: 5 | F47: 22 | G47: 40.8 | H47: 25.5 | I47: 9 | J47: 3 | K47: 80 | L47: 37 | M47: 133 | N47: 49.3 | O47: 30.6 | P47: 11 | Q47: 7 | R47: 98 | S47: 57 | T47: 179 | U47: 49.4 | V47: 34
A48: 04 Dangerous/negligent acts | B48: 0 | C48: 0 | D48: 0 | E48: 0 | F48: 3 | G48: 0 | H48: 0 | I48: 0 | J48: 0 | K48: 0 | L48: 0 | M48: 3 | N48: 33.9 | O48: 4 | P48: 0 | Q48: 0 | R48: 0 | S48: 0 | T48: 3 | U48: 33.9 | V48: 4
A49: 05 Abduction/harassment | B49: 0 | C49: 0 | D49: 0 | E49: 0 | F49: 0 | I49: 5 | J49: 3 | K49: 3 | L49: 0 | M49: 15 | N49: 26.6 | O49: 7.2 | P49: 5 | Q49: 3 | R49: 3 | S49: 0 | T49: 17 | U49: 29.2 | V49: 9
A50: 06 Robbery/extortion | B50: 3 | C50: 0 | D50: 13 | E50: 8 | F50: 28 | G50: 54.6 | H50: 45.9 | I50: 0 | J50: 0 | K50: 15 | L50: 12 | M50: 31 | N50: 54.7 | O50: 51 | P50: 3 | Q50: 0 | R50: 30 | S50: 20 | T50: 56 | U50: 54.5 | V50: 49.5
A51: 07 Unlawful entry with intent | B51: 23 | C51: 19 | D51: 34 | E51: 0 | F51: 124 | G51: 12.3 | H51: 9.8 | I51: 32 | J51: 28 | K51: 31 | L51: 0 | M51: 142 | N51: 10.9 | O51: 8.4 | P51: 57 | Q51: 46 | R51: 68 | S51: 0 | T51: 266 | U51: 11.5 | V51: 8.7
A52: 08 Theft | B52: 96 | C52: 11 | D52: 0 | E52: 0 | F52: 207 | G52: 3.3 | H52: 2.2 | I52: 95 | J52: 20 | K52: 5 | L52: 0 | M52: 191 | N52: 5.3 | O52: 3.1 | P52: 195 | Q52: 30 | R52: 5 | S52: 0 | T52: 409 | U52: 4.3 | V52: 2.7
A53: 09 Fraud/deception | B53: 3 | C53: 0 | D53: 0 | E53: 0 | F53: 6 | G53: 6.8 | H53: 6.3 | I53: 16 | J53: 5 | K53: 9 | L53: 0 | M53: 35 | N53: 8.7 | O53: 6.5 | P53: 16 | Q53: 4 | R53: 8 | S53: 0 | T53: 45 | U53: 8.2 | V53: 6
A54: 10 Illicit drug offences | B54: 0 | C54: 0 | D54: 6 | E54: 0 | F54: 22 | G54: 43.4 | H54: 39.5 | I54: 4 | J54: 0 | K54: 76 | L54: 23 | M54: 140 | N54: 49.7 | O54: 47 | P54: 4 | Q54: 0 | R54: 87 | S54: 32 | T54: 176 | U54: 50.3 | V54: 46.8
A55: 11 Weapons/explosives | B55: 18 | C55: 3 | D55: 3 | E55: 0 | F55: 85 | G55: 4.7 | H55: 2.3 | I55: 31 | J55: 6 | K55: 19 | L55: 0 | M55: 161 | N55: 13.4 | O55: 4.5 | P55: 52 | Q55: 8 | R55: 24 | S55: 0 | T55: 246 | U55: 11.2 | V55: 4.2
A56: 12 Property damage and environmental pollution | B56: 18 | C56: 0 | D56: 0 | E56: 0 | F56: 65 | G56: 5.7 | H56: 3.1 | I56: 26 | J56: 0 | K56: 12 | L56: 0 | M56: 105 | N56: 16.5 | O56: 3.5 | P56: 43 | Q56: 3 | R56: 10 | S56: 0 | T56: 174 | U56: 12.9 | V56: 3.2
A57: 13 Public order offences | B57: 9 | C57: 0 | D57: 0 | E57: 0 | F57: 167 | G57: 1.5 | H57: 0.8 | I57: 11 | J57: 0 | K57: 0 | L57: 0 | M57: 180 | N57: 2.9 | O57: 1.9 | P57: 21 | Q57: 3 | R57: 0 | S57: 0 | T57: 353 | U57: 2.2 | V57: 1.2
A58: 15 Offences against justice | B58: 65 | C58: 0 | D58: 4 | E58: 0 | F58: 236 | G58: 2.7 | H58: 1.3 | I58: 95 | J58: 6 | K58: 3 | L58: 0 | M58: 348 | N58: 3.3 | O58: 1.6 | P58: 153 | Q58: 4 | R58: 10 | S58: 0 | T58: 596 | U58: 3.1 | V58: 1.5
A59: 16 Miscellaneous offences | B59: 0 | C59: 0 | D59: 0 | E59: 0 | F59: 5 | I59: 0 | J59: 0 | K59: 0 | L59: 0 | M59: 14 | P59: 0 | Q59: 0 | R59: 4 | S59: 0 | T59: 21 | U59: 15.2 | V59: 12
A60: All principal offences | B60: 384 | C60: 98 | D60: 105 | E60: 29 | F60: 1307 | G60: 11.3 | H60: 4 | I60: 434 | J60: 115 | K60: 337 | L60: 111 | M60: 1844 | N60: 22.3 | O60: 8.6 | P60: 827 | Q60: 224 | R60: 465 | S60: 152 | T60: 3231 | U60: 19 | V60: 6.3
A61: All principal offences (%) | B61: 29.4 | C61: 7.5 | D61: 8 | E61: 2.2 | F61: 100 | G61: .. | H61: .. | I61: 23.5 | J61: 6.2 | K61: 18.3 | L61: 6 | M61: 100 | N61: .. | O61: .. | P61: 25.6 | Q61: 6.9 | R61: 14.4 | S61: 4.7 | T61: 100 | U61: .. | V61: ..
B62: Tasmania
A63: 01 Homicide and related offences | B63: 0 | C63: 0 | D63: 0 | E63: 0 | F63: 0 | I63: 0 | J63: 0 | K63: 0 | L63: 3 | M63: 8 | N63: 166.5 | O63: 168 | P63: 0 | Q63: 0 | R63: 3 | S63: 9 | T63: 14 | U63: 118.5 | V63: 75
A64: 02 Acts intended to cause injury | B64: 32 | C64: 17 | D64: 14 | E64: 4 | F64: 70 | G64: 11.7 | H64: 6 | I64: 61 | J64: 57 | K64: 28 | L64: 5 | M64: 153 | N64: 9.8 | O64: 6 | P64: 96 | Q64: 77 | R64: 45 | S64: 4 | T64: 228 | U64: 10.4 | V64: 6
A65: 03 Sexual assault and related offences | B65: 0 | C65: 0 | D65: 3 | E65: 0 | F65: 3 | G65: 79.5 | H65: 48 | I65: 0 | J65: 4 | K65: 20 | L65: 13 | M65: 44 | N65: 49.5 | O65: 42 | P65: 0 | Q65: 3 | R65: 28 | S65: 16 | T65: 55 | U65: 52.5 | V65: 48
A66: 04 Dangerous/negligent acts | B66: 0 | C66: 0 | D66: 0 | E66: 0 | F66: 0 | G66: 0 | H66: 0 | I66: 0 | J66: 0 | K66: 0 | L66: 0 | M66: 0 | N66: 0 | O66: 0 | P66: 0 | Q66: 0 | R66: 0 | S66: 0 | T66: 0 | U66: 0 | V66: 0
A67: 05 Abduction/harassment | B67: 0 | C67: 0 | D67: 0 | E67: 0 | F67: 0 | G67: 0 | H67: 0 | I67: 0 | J67: 0 | K67: 0 | L67: 0 | M67: 0 | N67: 0 | O67: 0 | P67: 0 | Q67: 0 | R67: 0 | S67: 0 | T67: 0 | U67: 0 | V67: 0
A68: 06 Robbery/extortion | B68: 0 | C68: 0 | D68: 0 | E68: 0 | F68: 0 | I68: 0 | J68: 3 | K68: 8 | L68: 5 | M68: 16 | N68: 34.9 | O68: 24 | P68: 4 | Q68: 3 | R68: 5 | S68: 5 | T68: 16 | U68: 33.8 | V68: 24
A69: 07 Unlawful entry with intent | B69: 5 | C69: 4 | D69: 0 | E69: 0 | F69: 10 | G69: 6.2 | H69: 6 | I69: 24 | J69: 14 | K69: 9 | L69: 0 | M69: 47 | N69: 6.5 | O69: 5 | P69: 32 | Q69: 14 | R69: 8 | S69: 0 | T69: 58 | U69: 6.4 | V69: 5
A70: 08 Theft | B70: 17 | C70: 0 | D70: 0 | E70: 0 | F70: 14 | G70: 2.8 | H70: 2.1 | I70: 43 | J70: 6 | K70: 4 | L70: 0 | M70: 57 | N70: 3.8 | O70: 2.6 | P70: 62 | Q70: 11 | R70: 4 | S70: 0 | T70: 79 | U70: 3.7 | V70: 2.6
A71: 09 Fraud/deception | B71: 0 | C71: 0 | D71: 0 | E71: 0 | F71: 0 | G71: 0 | H71: 0 | I71: 16 | J71: 5 | K71: 3 | L71: 0 | M71: 22 | N71: 5.2 | O71: 3.2 | P71: 16 | Q71: 5 | R71: 3 | S71: 0 | T71: 18 | U71: 6.7 | V71: 3.5
A72: 10 Illicit drug offences | B72: 3 | C72: 0 | D72: 0 | E72: 0 | F72: 8 | G72: 6.6 | H72: 6 | I72: 8 | J72: 7 | K72: 13 | L72: 0 | M72: 30 | N72: 14.9 | O72: 10 | P72: 7 | Q72: 10 | R72: 13 | S72: 4 | T72: 40 | U72: 14.5 | V72: 9
A73: 11 Weapons/explosives | B73: 9 | C73: 3 | D73: 0 | E73: 0 | F73: 11 | G73: 4.1 | H73: 3 | I73: 14 | J73: 16 | K73: 4 | L73: 0 | M73: 31 | N73: 5.8 | O73: 6 | P73: 23 | Q73: 15 | R73: 4 | S73: 0 | T73: 42 | U73: 5.4 | V73: 5
A74: 12 Property damage and environmental pollution | B74: 13 | C74: 3 | D74: 0 | E74: 0 | F74: 14 | G74: 3 | H74: 3.4 | I74: 8 | J74: 4 | K74: 3 | L74: 0 | M74: 19 | N74: 8.9 | O74: 3 | P74: 20 | Q74: 4 | R74: 3 | S74: 0 | T74: 28 | U74: 6.3 | V74: 3
A75: 13 Public order offences | B75: 0 | C75: 0 | D75: 0 | E75: 0 | F75: 0 | I75: 4 | J75: 0 | K75: 0 | L75: 0 | M75: 7 | N75: 5 | O75: 2.5 | P75: 8 | Q75: 0 | R75: 0 | S75: 0 | T75: 5 | U75: 4.5 | V75: 2
A76: 15 Offences against justice | B76: 32 | C76: 6 | D76: 0 | E76: 0 | F76: 38 | G76: 2.5 | H76: 2 | I76: 85 | J76: 5 | K76: 3 | L76: 0 | M76: 94 | N76: 2.7 | O76: 2 | P76: 123 | Q76: 8 | R76: 3 | S76: 0 | T76: 144 | U76: 2.7 | V76: 2
A77: 16 Miscellaneous offences | B77: 0 | C77: 0 | D77: 0 | E77: 0 | F77: 0 | G77: 0 | H77: 0 | I77: 0 | J77: 0 | K77: 0 | L77: 0 | M77: 0 | N77: 0 | O77: 0 | P77: 0 | Q77: 0 | R77: 0 | S77: 0 | T77: 0 | U77: 0 | V77: 0
A78: All principal offences | B78: 106 | C78: 33 | D78: 21 | E78: 7 | F78: 179 | G78: 9.6 | H78: 4 | I78: 265 | J78: 119 | K78: 85 | L78: 21 | M78: 515 | N78: 12.2 | O78: 5 | P78: 379 | Q78: 159 | R78: 123 | S78: 33 | T78: 722 | U78: 12.5 | V78: 4.3
A79: All principal offences (%) | B79: 59.2 | C79: 18.4 | D79: 11.7 | E79: 3.9 | F79: 100 | G79: .. | H79: .. | I79: 51.5 | J79: 23.1 | K79: 16.5 | L79: 4.1 | M79: 100 | N79: .. | O79: .. | P79: 52.5 | Q79: 22 | R79: 17 | S79: 4.6 | T79: 100 | U79: .. | V79: ..
B80: Northern Territory
A81: 01 Homicide and related offences | B81: 0 | C81: 0 | D81: 0 | E81: 0 | F81: 3 | G81: 82.5 | H81: 85 | I81: 0 | J81: 0 | K81: 3 | L81: 0 | M81: 3 | P81: 0 | Q81: 0 | R81: 3 | S81: 4 | T81: 5 | U81: 61.7 | V81: 58
A82: 02 Acts intended to cause injury | B82: 942 | C82: 539 | D82: 282 | E82: 12 | F82: 1781 | G82: 7.8 | H82: 5 | I82: 30 | J82: 19 | K82: 14 | L82: 0 | M82: 58 | N82: 8 | O82: 5 | P82: 979 | Q82: 565 | R82: 299 | S82: 12 | T82: 1853 | U82: 7.8 | V82: 5
A83: 03 Sexual assault and related offences | B83: 3 | C83: 0 | D83: 40 | E83: 14 | F83: 55 | G83: 38.9 | H83: 36 | I83: 0 | J83: 0 | K83: 10 | L83: 6 | M83: 21 | N83: 51.2 | O83: 45 | P83: 6 | Q83: 3 | R83: 52 | S83: 16 | T83: 78 | U83: 41.7 | V83: 36
A84: 04 Dangerous/negligent acts | B84: 11 | C84: 19 | D84: 80 | E84: 3 | F84: 113 | G84: 19.7 | H84: 16 | I84: 0 | J84: 0 | K84: 0 | L84: 0 | M84: 0 | P84: 11 | Q84: 21 | R84: 81 | S84: 3 | T84: 117 | U84: 19.5 | V84: 16
A85: 05 Abduction/harassment | B85: 9 | C85: 3 | D85: 3 | E85: 0 | F85: 10 | G85: 5.5 | H85: 4 | I85: 0 | J85: 0 | K85: 0 | L85: 0 | M85: 0 | P85: 9 | Q85: 4 | R85: 3 | S85: 0 | T85: 11 | U85: 5.6 | V85: 4
A86: 06 Robbery/extortion | B86: 9 | C86: 0 | D86: 62 | E86: 3 | F86: 72 | G86: 23.3 | H86: 18 | I86: 0 | J86: 0 | K86: 9 | L86: 0 | M86: 9 | N86: 22.4 | O86: 18.5 | P86: 9 | Q86: 0 | R86: 73 | S86: 3 | T86: 82 | U86: 23.1 | V86: 18
A87: 07 Unlawful entry with intent | B87: 113 | C87: 79 | D87: 27 | E87: 0 | F87: 219 | G87: 6.3 | H87: 5 | I87: 4 | J87: 0 | K87: 6 | L87: 0 | M87: 7 | N87: 17.3 | O87: 23 | P87: 119 | Q87: 81 | R87: 27 | S87: 0 | T87: 232 | U87: 6.8 | V87: 5
A88: 08 Theft | B88: 107 | C88: 11 | D88: 3 | E88: 0 | F88: 122 | G88: 3 | H88: 2 | I88: 4 | J88: 0 | K88: 7 | L88: 0 | M88: 6 | N88: 17.7 | O88: 18 | P88: 109 | Q88: 11 | R88: 8 | S88: 0 | T88: 127 | U88: 4 | V88: 2
A89: 09 Fraud/deception | B89: 8 | C89: 0 | D89: 3 | E89: 0 | F89: 14 | G89: 5.5 | H89: 1.8 | I89: 0 | J89: 0 | K89: 3 | L89: 0 | M89: 3 | N89: 20.5 | O89: 24 | P89: 13 | Q89: 0 | R89: 3 | S89: 0 | T89: 18 | U89: 8.5 | V89: 2
A90: 10 Illicit drug offences | B90: 24 | C90: 7 | D90: 17 | E90: 0 | F90: 47 | G90: 15.6 | H90: 7 | I90: 12 | J90: 6 | K90: 37 | L90: 3 | M90: 59 | N90: 26.3 | O90: 23.5 | P90: 29 | Q90: 9 | R90: 54 | S90: 8 | T90: 101 | U90: 21.7 | V90: 18
A91: 11 Weapons/explosives | B91: 64 | C91: 8 | D91: 5 | E91: 0 | F91: 73 | G91: 3.2 | H91: 2 | I91: 4 | J91: 0 | K91: 0 | L91: 0 | M91: 3 | N91: 2.4 | O91: 1 | P91: 72 | Q91: 6 | R91: 5 | S91: 0 | T91: 82 | U91: 3.2 | V91: 2
A92: 12 Property damage and environmental pollution | B92: 88 | C92: 8 | D92: 17 | E92: 0 | F92: 109 | G92: 5.2 | H92: 1 | I92: 3 | J92: 0 | K92: 3 | L92: 0 | M92: 9 | N92: 12.5 | O92: 2 | P92: 95 | Q92: 9 | R92: 16 | S92: 0 | T92: 119 | U92: 5.8 | V92: 1.3
A93: 13 Public order offences | B93: 77 | C93: 12 | D93: 0 | E93: 0 | F93: 91 | G93: 2.9 | H93: 3 | I93: 4 | J93: 0 | K93: 0 | L93: 0 | M93: 4 | P93: 78 | Q93: 12 | R93: 0 | S93: 0 | T93: 92 | U93: 2.9 | V93: 3
A94: 15 Offences against justice | B94: 653 | C94: 13 | D94: 0 | E94: 0 | F94: 668 | G94: 0.9 | H94: 0.3 | I94: 14 | J94: 0 | K94: 0 | L94: 0 | M94: 17 | N94: 3.8 | O94: 1 | P94: 667 | Q94: 13 | R94: 6 | S94: 0 | T94: 687 | U94: 1 | V94: 0.3
A95: 16 Miscellaneous offences | B95: 0 | C95: 0 | D95: 0 | E95: 0 | F95: 0 | I95: 0 | J95: 0 | K95: 0 | L95: 0 | M95: 0 | P95: 0 | Q95: 0 | R95: 0 | S95: 0 | T95: 3
A96: All principal offences | B96: 2101 | C96: 701 | D96: 535 | E96: 30 | F96: 3372 | G96: 7.3 | H96: 4 | I96: 84 | J96: 29 | K96: 91 | L96: 9 | M96: 211 | N96: 18.6 | O96: 8 | P96: 2190 | Q96: 733 | R96: 638 | S96: 38 | T96: 3605 | U96: 7.9 | V96: 4
A97: All principal offences (%) | B97: 62.3 | C97: 20.8 | D97: 15.9 | E97: 0.9 | F97: 100 | G97: .. | H97: .. | I97: 39.8 | J97: 13.7 | K97: 43.1 | L97: 4.3 | M97: 100 | N97: .. | O97: .. | P97: 60.7 | Q97: 20.3 | R97: 17.7 | S97: 1.1 | T97: 100 | U97: .. | V97: ..
B98: Australian Capital Territory
A99: 01 Homicide and related offences | B99: 0 | C99: 0 | D99: 0 | E99: 0 | F99: 0 | G99: 0 | H99: 0 | P99: 0 | Q99: 0 | R99: 0 | S99: 0 | T99: 0
A100: 02 Acts intended to cause injury | B100: 14 | C100: 3 | D100: 0 | E100: 0 | F100: 20 | G100: 4.9 | H100: 3 | P100: 53 | Q100: 14 | R100: 19 | S100: 0 | T100: 89 | U100: 7.4 | V100: 4
A101: 03 Sexual assault and related offences | B101: 0 | C101: 0 | D101: 7 | E101: 0 | F101: 7 | G101: 25.7 | H101: 25.7 | P101: 0 | Q101: 3 | R101: 6 | S101: 3 | T101: 13 | U101: 37.9 | V101: 30
...
